{"instance": "nc-78", "num-variables": 12800, "num-constraints": 104999, "num-var-disjunct": 10240, "max-disjunct": 10, "sum-disjunct": 102400, "values": [{"method": "RULT", "scans": 0.015389422701351458, "cache-hits": 639, "cache-misses": 917, "l1d-hits": 197947, "l1d-misses": 7666, "ll-read-hits": 272, "ll-read-misses": 317, "ll-write-hits": 272, "ll-write-misses": 317}, {"method": "ILP", "scans": 0.0, "cache-hits": 9022051, "cache-misses": 4704789, "l1d-hits": 478959221, "l1d-misses": 22698804, "ll-read-hits": 7478820, "ll-read-misses": 5094652, "ll-write-hits": 7478820, "ll-write-misses": 5094652}, {"method": "BFDC", "scans": 0.015623779392234981, "cache-hits": 1468, "cache-misses": 680, "l1d-hits": 205088, "l1d-misses": 8766, "ll-read-hits": 1427, "ll-read-misses": 2, "ll-write-hits": 1427, "ll-write-misses": 2}, {"method": "CRA", "scans": 0.00046871338176704945, "cache-hits": 5015, "cache-misses": 12833, "l1d-hits": 230171, "l1d-misses": 26366, "ll-read-hits": 15005, "ll-read-misses": 1, "ll-write-hits": 15005, "ll-write-misses": 1}]}