{"instance": "nc-79", "num-variables": 25600, "num-constraints": 209440, "num-var-disjunct": 20480, "max-disjunct": 10, "sum-disjunct": 204800, "values": [{"method": "RULT", "scans": 0.04304519354712707, "cache-hits": 3285, "cache-misses": 1936, "l1d-hits": 436386, "l1d-misses": 22591, "ll-read-hits": 1869, "ll-read-misses": 1290, "ll-write-hits": 1869, "ll-write-misses": 1290}, {"method": "ILP", "scans": 0.0, "cache-hits": 15932584, "cache-misses": 11119813, "l1d-hits": 932801095, "l1d-misses": 43721921, "ll-read-hits": 13817742, "ll-read-misses": 10868091, "ll-write-hits": 13817742, "ll-write-misses": 10868091}, {"method": "BFDC", "scans": 0.048982461622592864, "cache-hits": 4980, "cache-misses": 5618, "l1d-hits": 486618, "l1d-misses": 29610, "ll-read-hits": 8520, "ll-read-misses": 34, "ll-write-hits": 8520, "ll-write-misses": 34}, {"method": "CRA", "scans": 0.00031248779344556854, "cache-hits": 10137, "cache-misses": 24461, "l1d-hits": 460092, "l1d-misses": 52622, "ll-read-hits": 29714, "ll-read-misses": 1, "ll-write-hits": 29714, "ll-write-misses": 1}]}