{"instance": "nc-76", "num-variables": 12800, "num-constraints": 104999, "num-var-disjunct": 10240, "max-disjunct": 10, "sum-disjunct": 102400, "values": [{"method": "RULT", "scans": 0.04757440824935552, "cache-hits": 915, "cache-misses": 1075, "l1d-hits": 222251, "l1d-misses": 11018, "ll-read-hits": 514, "ll-read-misses": 163, "ll-write-hits": 514, "ll-write-misses": 163}, {"method": "ILP", "scans": 0.0, "cache-hits": 7850990, "cache-misses": 4740132, "l1d-hits": 468823533, "l1d-misses": 21109907, "ll-read-hits": 6411405, "ll-read-misses": 4995983, "ll-write-hits": 6411405, "ll-write-misses": 4995983}, {"method": "BFDC", "scans": 0.05468322787282243, "cache-hits": 2538, "cache-misses": 2725, "l1d-hits": 250421, "l1d-misses": 14777, "ll-read-hits": 3912, "ll-read-misses": 8, "ll-write-hits": 3912, "ll-write-misses": 8}, {"method": "CRA", "scans": 0.00046871338176704945, "cache-hits": 5620, "cache-misses": 12132, "l1d-hits": 230122, "l1d-misses": 26325, "ll-read-hits": 15103, "ll-read-misses": 1, "ll-write-hits": 15103, "ll-write-misses": 1}]}