{"instance": "nc-80", "num-variables": 25600, "num-constraints": 209440, "num-var-disjunct": 20480, "max-disjunct": 10, "sum-disjunct": 204800, "values": [{"method": "RULT", "scans": 0.01140580446076325, "cache-hits": 1852, "cache-misses": 1201, "l1d-hits": 389960, "l1d-misses": 14551, "ll-read-hits": 1175, "ll-read-misses": 574, "ll-write-hits": 1175, "ll-write-misses": 574}, {"method": "ILP", "scans": 0.0, "cache-hits": 16635826, "cache-misses": 10749634, "l1d-hits": 940666148, "l1d-misses": 44001043, "ll-read-hits": 15700915, "ll-read-misses": 9095286, "ll-write-hits": 15700915, "ll-write-misses": 9095286}, {"method": "BFDC", "scans": 0.013046365376352486, "cache-hits": 2879, "cache-misses": 1319, "l1d-hits": 403168, "l1d-misses": 16553, "ll-read-hits": 3127, "ll-read-misses": 9, "ll-write-hits": 3127, "ll-write-misses": 9}, {"method": "CRA", "scans": 0.0006249755868911371, "cache-hits": 9815, "cache-misses": 25458, "l1d-hits": 460333, "l1d-misses": 52758, "ll-read-hits": 29884, "ll-read-misses": 5, "ll-write-hits": 29884, "ll-write-misses": 5}]}