{"instance": "nc-81", "num-variables": 25600, "num-constraints": 209440, "num-var-disjunct": 20480, "max-disjunct": 10, "sum-disjunct": 204800, "values": [{"method": "RULT", "scans": 0.04683410804265458, "cache-hits": 4547, "cache-misses": 2179, "l1d-hits": 441488, "l1d-misses": 24911, "ll-read-hits": 2718, "ll-read-misses": 1455, "ll-write-hits": 2718, "ll-write-misses": 1455}, {"method": "ILP", "scans": 0.0, "cache-hits": 17568176, "cache-misses": 12129030, "l1d-hits": 955995406, "l1d-misses": 46747842, "ll-read-hits": 15334304, "ll-read-misses": 11846562, "ll-write-hits": 15334304, "ll-write-misses": 11846562}, {"method": "BFDC", "scans": 0.048396547009882426, "cache-hits": 8899, "cache-misses": 2986, "l1d-hits": 487193, "l1d-misses": 31600, "ll-read-hits": 9596, "ll-read-misses": 10, "ll-write-hits": 9596, "ll-write-misses": 10}, {"method": "CRA", "scans": 0.0003906097418069607, "cache-hits": 9963, "cache-misses": 24607, "l1d-hits": 460118, "l1d-misses": 52690, "ll-read-hits": 29486, "ll-read-misses": 0, "ll-write-hits": 29486, "ll-write-misses": 0}]}