{"instance": "late-41", "num-variables": 6400, "num-constraints": 38400, "num-var-disjunct": 5120, "max-disjunct": 10, "sum-disjunct": 51200, "values": [{"method": "RULT", "scans": 5.275425714732073, "cache-hits": 61903, "cache-misses": 49899, "l1d-hits": 3536399, "l1d-misses": 310229, "ll-read-hits": 89393, "ll-read-misses": 11150, "ll-write-hits": 89393, "ll-write-misses": 11150}, {"method": "ILP", "scans": 0.0, "cache-hits": 5099958, "cache-misses": 1667316, "l1d-hits": 298888390, "l1d-misses": 14410188, "ll-read-hits": 4278787, "ll-read-misses": 1820146, "ll-write-hits": 4278787, "ll-write-misses": 1820146}, {"method": "BFDC", "scans": 1.4630526480237462, "cache-hits": 40502, "cache-misses": 2367, "l1d-hits": 869357, "l1d-misses": 111925, "ll-read-hits": 40313, "ll-read-misses": 19, "ll-write-hits": 40313, "ll-write-misses": 19}, {"method": "CRA", "scans": 463.42134041556005, "cache-hits": 16618423, "cache-misses": 309988, "l1d-hits": 367847643, "l1d-misses": 40863612, "ll-read-hits": 15984015, "ll-read-misses": 212631, "ll-write-hits": 15984015, "ll-write-misses": 212631}]}