{"instance": "late-40", "num-variables": 6400, "num-constraints": 38400, "num-var-disjunct": 5120, "max-disjunct": 10, "sum-disjunct": 51200, "values": [{"method": "RULT", "scans": 5.158256522418372, "cache-hits": 60167, "cache-misses": 52139, "l1d-hits": 3489194, "l1d-misses": 306355, "ll-read-hits": 97602, "ll-read-misses": 1363, "ll-write-hits": 97602, "ll-write-misses": 1363}, {"method": "ILP", "scans": 0.0, "cache-hits": 4400084, "cache-misses": 1442827, "l1d-hits": 271129181, "l1d-misses": 12390537, "ll-read-hits": 3701337, "ll-read-misses": 1541811, "ll-write-hits": 3701337, "ll-write-misses": 1541811}, {"method": "BFDC", "scans": 1.9143883768161225, "cache-hits": 75474, "cache-misses": 5281, "l1d-hits": 1096248, "l1d-misses": 173164, "ll-read-hits": 73441, "ll-read-misses": 793, "ll-write-hits": 73441, "ll-write-misses": 793}, {"method": "CRA", "scans": 703.1313857209811, "cache-hits": 24813535, "cache-misses": 475294, "l1d-hits": 553559677, "l1d-misses": 61446491, "ll-read-hits": 23879250, "ll-read-misses": 286249, "ll-write-hits": 23879250, "ll-write-misses": 286249}]}