{"instance": "late-39", "num-variables": 3200, "num-constraints": 19200, "num-var-disjunct": 2560, "max-disjunct": 10, "sum-disjunct": 25600, "values": [{"method": "RULT", "scans": 7.208372383630116, "cache-hits": 41570, "cache-misses": 22284, "l1d-hits": 2072191, "l1d-misses": 178251, "ll-read-hits": 53129, "ll-read-misses": 6300, "ll-write-hits": 53129, "ll-write-misses": 6300}, {"method": "ILP", "scans": 0.0, "cache-hits": 4404811, "cache-misses": 970379, "l1d-hits": 362841474, "l1d-misses": 14491030, "ll-read-hits": 4042135, "ll-read-misses": 769735, "ll-write-hits": 4042135, "ll-write-misses": 769735}, {"method": "BFDC", "scans": 1.1943142767885035, "cache-hits": 10979, "cache-misses": 104, "l1d-hits": 369618, "l1d-misses": 33601, "ll-read-hits": 10068, "ll-read-misses": 4, "ll-write-hits": 10068, "ll-write-misses": 4}, {"method": "CRA", "scans": 271.7988128709778, "cache-hits": 3917491, "cache-misses": 53230, "l1d-hits": 107747662, "l1d-misses": 9163793, "ll-read-hits": 3730762, "ll-read-misses": 18389, "ll-write-hits": 3730762, "ll-write-misses": 18389}]}