{"instance": "late-43", "num-variables": 12800, "num-constraints": 76800, "num-var-disjunct": 10240, "max-disjunct": 10, "sum-disjunct": 102400, "values": [{"method": "RULT", "scans": 5.43488789938286, "cache-hits": 145337, "cache-misses": 112772, "l1d-hits": 7264792, "l1d-misses": 747511, "ll-read-hits": 129878, "ll-read-misses": 100350, "ll-write-hits": 129878, "ll-write-misses": 100350}, {"method": "ILP", "scans": 0.0, "cache-hits": 14459569, "cache-misses": 3643025, "l1d-hits": 622829206, "l1d-misses": 32279810, "ll-read-hits": 12620367, "ll-read-misses": 3935312, "ll-write-hits": 12620367, "ll-write-misses": 3935312}, {"method": "BFDC", "scans": 1.2727130692914617, "cache-hits": 69200, "cache-misses": 16130, "l1d-hits": 1506719, "l1d-misses": 215462, "ll-read-hits": 76855, "ll-read-misses": 1484, "ll-write-hits": 76855, "ll-write-misses": 1484}, {"method": "CRA", "scans": 728.4113741113975, "cache-hits": 59251302, "cache-misses": 7660142, "l1d-hits": 1124506152, "l1d-misses": 143802520, "ll-read-hits": 60432337, "ll-read-misses": 5574911, "ll-write-hits": 60432337, "ll-write-misses": 5574911}]}