{"instance": "late-44", "num-variables": 25600, "num-constraints": 153600, "num-var-disjunct": 20480, "max-disjunct": 10, "sum-disjunct": 204800, "values": [{"method": "RULT", "scans": 4.542283504550603, "cache-hits": 319462, "cache-misses": 221615, "l1d-hits": 13651626, "l1d-misses": 1571896, "ll-read-hits": 272405, "ll-read-misses": 220359, "ll-write-hits": 272405, "ll-write-misses": 220359}, {"method": "ILP", "scans": 0.0, "cache-hits": 25313881, "cache-misses": 10506559, "l1d-hits": 1146691776, "l1d-misses": 58612020, "ll-read-hits": 22908188, "ll-read-misses": 10408208, "ll-write-hits": 22908188, "ll-write-misses": 10408208}, {"method": "BFDC", "scans": 2.8173118237568846, "cache-hits": 853538, "cache-misses": 52499, "l1d-hits": 6166663, "l1d-misses": 1346368, "ll-read-hits": 851300, "ll-read-misses": 5760, "ll-write-hits": 851300, "ll-write-misses": 5760}, {"method": "CRA", "scans": 375.80753681496816, "cache-hits": 95423163, "cache-misses": 1219696, "l1d-hits": 1102295456, "l1d-misses": 154693412, "ll-read-hits": 94442019, "ll-read-misses": 847375, "ll-write-hits": 94442019, "ll-write-misses": 847375}]}