{"instance": "late-45", "num-variables": 25600, "num-constraints": 153600, "num-var-disjunct": 20480, "max-disjunct": 10, "sum-disjunct": 204800, "values": [{"method": "RULT", "scans": 10.609507441115582, "cache-hits": 786165, "cache-misses": 964878, "l1d-hits": 38149229, "l1d-misses": 3934933, "ll-read-hits": 729519, "ll-read-misses": 904575, "ll-write-hits": 729519, "ll-write-misses": 904575}, {"method": "ILP", "scans": 0.0, "cache-hits": 46081643, "cache-misses": 30433395, "l1d-hits": 3018020965, "l1d-misses": 142464031, "ll-read-hits": 46878144, "ll-read-misses": 25295358, "ll-write-hits": 46878144, "ll-write-misses": 25295358}, {"method": "BFDC", "scans": 2.810671458146166, "cache-hits": 866936, "cache-misses": 25360, "l1d-hits": 5967615, "l1d-misses": 1256463, "ll-read-hits": 847881, "ll-read-misses": 109, "ll-write-hits": 847881, "ll-write-misses": 109}, {"method": "CRA", "scans": 458.49617202453027, "cache-hits": 105391060, "cache-misses": 557234, "l1d-hits": 1079479696, "l1d-misses": 171142688, "ll-read-hits": 103567586, "ll-read-misses": 62222, "ll-write-hits": 103567586, "ll-write-misses": 62222}]}