{"instance": "late-42", "num-variables": 12800, "num-constraints": 76800, "num-var-disjunct": 10240, "max-disjunct": 10, "sum-disjunct": 102400, "values": [{"method": "RULT", "scans": 8.490508554019216, "cache-hits": 233376, "cache-misses": 303246, "l1d-hits": 14297928, "l1d-misses": 1416628, "ll-read-hits": 202772, "ll-read-misses": 306329, "ll-write-hits": 202772, "ll-write-misses": 306329}, {"method": "ILP", "scans": 0.0, "cache-hits": 41916220, "cache-misses": 13227360, "l1d-hits": 2275855702, "l1d-misses": 111720187, "ll-read-hits": 38846032, "ll-read-misses": 13071554, "ll-write-hits": 38846032, "ll-write-misses": 13071554}, {"method": "BFDC", "scans": 2.5295680024998046, "cache-hits": 299560, "cache-misses": 5455, "l1d-hits": 2696041, "l1d-misses": 506654, "ll-read-hits": 286000, "ll-read-misses": 66, "ll-write-hits": 286000, "ll-write-misses": 66}, {"method": "CRA", "scans": 953.9548668072807, "cache-hits": 76863345, "cache-misses": 1023868, "l1d-hits": 1141550393, "l1d-misses": 165014510, "ll-read-hits": 75653784, "ll-read-misses": 103400, "ll-write-hits": 75653784, "ll-write-misses": 103400}]}