{"instance": "late-37", "num-variables": 1600, "num-constraints": 9600, "num-var-disjunct": 1280, "max-disjunct": 10, "sum-disjunct": 12800, "values": [{"method": "RULT", "scans": 8.262960649594003, "cache-hits": 40420, "cache-misses": 321, "l1d-hits": 1584788, "l1d-misses": 122137, "ll-read-hits": 37917, "ll-read-misses": 0, "ll-write-hits": 37917, "ll-write-misses": 0}, {"method": "ILP", "scans": 0.0, "cache-hits": 5279472, "cache-misses": 256762, "l1d-hits": 308060934, "l1d-misses": 14316336, "ll-read-hits": 4844476, "ll-read-misses": 242488, "ll-write-hits": 4844476, "ll-write-misses": 242488}, {"method": "BFDC", "scans": 2.735165521549032, "cache-hits": 19271, "cache-misses": 69, "l1d-hits": 368264, "l1d-misses": 48203, "ll-read-hits": 18044, "ll-read-misses": 1, "ll-write-hits": 18044, "ll-write-misses": 1}, {"method": "CRA", "scans": 1261.991880074953, "cache-hits": 8399079, "cache-misses": 147336, "l1d-hits": 231845590, "l1d-misses": 16622930, "ll-read-hits": 8038233, "ll-read-misses": 29916, "ll-write-hits": 8038233, "ll-write-misses": 29916}]}