{"instance": "late-36", "num-variables": 1600, "num-constraints": 9600, "num-var-disjunct": 1280, "max-disjunct": 10, "sum-disjunct": 12800, "values": [{"method": "RULT", "scans": 7.01998750780762, "cache-hits": 19298, "cache-misses": 9084, "l1d-hits": 1307094, "l1d-misses": 96809, "ll-read-hits": 25476, "ll-read-misses": 10, "ll-write-hits": 25476, "ll-write-misses": 10}, {"method": "ILP", "scans": 0.0, "cache-hits": 5585081, "cache-misses": 58516, "l1d-hits": 304224233, "l1d-misses": 14254838, "ll-read-hits": 4958427, "ll-read-misses": 182801, "ll-write-hits": 4958427, "ll-write-misses": 182801}, {"method": "BFDC", "scans": 2.6820737039350404, "cache-hits": 19630, "cache-misses": 126, "l1d-hits": 366632, "l1d-misses": 46821, "ll-read-hits": 18157, "ll-read-misses": 1, "ll-write-hits": 18157, "ll-write-misses": 1}, {"method": "CRA", "scans": 1324.1980012492193, "cache-hits": 9161950, "cache-misses": 237331, "l1d-hits": 254721597, "l1d-misses": 18796548, "ll-read-hits": 8780765, "ll-read-misses": 59955, "ll-write-hits": 8780765, "ll-write-misses": 59955}]}