{"instance": "late-38", "num-variables": 3200, "num-constraints": 19200, "num-var-disjunct": 2560, "max-disjunct": 10, "sum-disjunct": 25600, "values": [{"method": "RULT", "scans": 5.18056857232115, "cache-hits": 25841, "cache-misses": 18203, "l1d-hits": 1730060, "l1d-misses": 125862, "ll-read-hits": 36005, "ll-read-misses": 4135, "ll-write-hits": 36005, "ll-write-misses": 4135}, {"method": "ILP", "scans": 0.0, "cache-hits": 1960523, "cache-misses": 452549, "l1d-hits": 139422769, "l1d-misses": 6190061, "ll-read-hits": 1573188, "ll-read-misses": 537171, "ll-write-hits": 1573188, "ll-write-misses": 537171}, {"method": "BFDC", "scans": 1.8837863167760076, "cache-hits": 29825, "cache-misses": 222, "l1d-hits": 553590, "l1d-misses": 67435, "ll-read-hits": 26974, "ll-read-misses": 4, "ll-write-hits": 26974, "ll-write-misses": 4}, {"method": "CRA", "scans": 296.89440799750076, "cache-hits": 4278849, "cache-misses": 61805, "l1d-hits": 116935064, "l1d-misses": 9893495, "ll-read-hits": 4054109, "ll-read-misses": 37790, "ll-write-hits": 4054109, "ll-write-misses": 37790}]}