{"instance": "late-26", "num-variables": 25600, "num-constraints": 153600, "num-var-disjunct": 20480, "max-disjunct": 10, "sum-disjunct": 204800, "values": [{"method": "RULT", "scans": 22.950900355454866, "cache-hits": 2239459, "cache-misses": 1741611, "l1d-hits": 70471972, "l1d-misses": 9030992, "ll-read-hits": 1967265, "ll-read-misses": 1717053, "ll-write-hits": 1967265, "ll-write-misses": 1717053}, {"method": "ILP", "scans": 0.0, "cache-hits": 48016067, "cache-misses": 29493694, "l1d-hits": 3000904152, "l1d-misses": 138438002, "ll-read-hits": 48277562, "ll-read-misses": 23981436, "ll-write-hits": 48277562, "ll-write-misses": 23981436}, {"method": "BFDC", "scans": 3.095230655052537, "cache-hits": 1068935, "cache-misses": 86917, "l1d-hits": 6625086, "l1d-misses": 1612920, "ll-read-hits": 1074421, "ll-read-misses": 22609, "ll-write-hits": 1074421, "ll-write-misses": 22609}, {"method": "CRA", "scans": 369.1841529627749, "cache-hits": 90806202, "cache-misses": 4514181, "l1d-hits": 1068556269, "l1d-misses": 149789936, "ll-read-hits": 91623663, "ll-read-misses": 3226107, "ll-write-hits": 91623663, "ll-write-misses": 3226107}]}