{"instance": "late-24", "num-variables": 12800, "num-constraints": 76800, "num-var-disjunct": 10240, "max-disjunct": 10, "sum-disjunct": 102400, "values": [{"method": "RULT", "scans": 25.736661198343878, "cache-hits": 927706, "cache-misses": 917474, "l1d-hits": 39225847, "l1d-misses": 4237307, "ll-read-hits": 825845, "ll-read-misses": 895690, "ll-write-hits": 825845, "ll-write-misses": 895690}, {"method": "ILP", "scans": 0.0, "cache-hits": 30757922, "cache-misses": 14545832, "l1d-hits": 1910896496, "l1d-misses": 96913126, "ll-read-hits": 27512359, "ll-read-misses": 13390937, "ll-write-hits": 27512359, "ll-write-misses": 13390937}, {"method": "BFDC", "scans": 3.0318725099601593, "cache-hits": 368532, "cache-misses": 6456, "l1d-hits": 3357728, "l1d-misses": 642763, "ll-read-hits": 349483, "ll-read-misses": 276, "ll-write-hits": 349483, "ll-write-misses": 276}, {"method": "CRA", "scans": 685.0521053042731, "cache-hits": 55980904, "cache-misses": 9477788, "l1d-hits": 1142723458, "l1d-misses": 145962882, "ll-read-hits": 57647590, "ll-read-misses": 7126998, "ll-write-hits": 57647590, "ll-write-misses": 7126998}]}