{"instance": "late-19", "num-variables": 6400, "num-constraints": 38400, "num-var-disjunct": 5120, "max-disjunct": 10, "sum-disjunct": 51200, "values": [{"method": "RULT", "scans": 24.726605217934697, "cache-hits": 511002, "cache-misses": 286492, "l1d-hits": 18216626, "l1d-misses": 1885523, "ll-read-hits": 599056, "ll-read-misses": 148057, "ll-write-hits": 599056, "ll-write-misses": 148057}, {"method": "ILP", "scans": 0.0, "cache-hits": 13850518, "cache-misses": 3853646, "l1d-hits": 947911891, "l1d-misses": 45849513, "ll-read-hits": 12425257, "ll-read-misses": 3565537, "ll-write-hits": 12425257, "ll-write-misses": 3565537}, {"method": "BFDC", "scans": 2.8878300265583503, "cache-hits": 141189, "cache-misses": 2163, "l1d-hits": 1616903, "l1d-misses": 277381, "ll-read-hits": 131842, "ll-read-misses": 112, "ll-write-hits": 131842, "ll-write-misses": 112}, {"method": "CRA", "scans": 1137.750976409936, "cache-hits": 45617839, "cache-misses": 2590544, "l1d-hits": 1041668450, "l1d-misses": 119214686, "ll-read-hits": 43507629, "ll-read-misses": 2832496, "ll-write-hits": 43507629, "ll-write-misses": 2832496}]}