{"instance": "late-20", "num-variables": 6400, "num-constraints": 38400, "num-var-disjunct": 5120, "max-disjunct": 10, "sum-disjunct": 51200, "values": [{"method": "RULT", "scans": 25.41852835494454, "cache-hits": 688633, "cache-misses": 93490, "l1d-hits": 18657578, "l1d-misses": 1928261, "ll-read-hits": 672129, "ll-read-misses": 70386, "ll-write-hits": 672129, "ll-write-misses": 70386}, {"method": "ILP", "scans": 0.0, "cache-hits": 13320038, "cache-misses": 4000304, "l1d-hits": 935888874, "l1d-misses": 43703088, "ll-read-hits": 11740277, "ll-read-misses": 3565026, "ll-write-hits": 11740277, "ll-write-misses": 3565026}, {"method": "BFDC", "scans": 3.0484299328229962, "cache-hits": 144481, "cache-misses": 11849, "l1d-hits": 1705722, "l1d-misses": 290329, "ll-read-hits": 142890, "ll-read-misses": 242, "ll-write-hits": 142890, "ll-write-misses": 242}, {"method": "CRA", "scans": 991.3043274488361, "cache-hits": 40627732, "cache-misses": 1866956, "l1d-hits": 918581942, "l1d-misses": 104248550, "ll-read-hits": 36313773, "ll-read-misses": 4503490, "ll-write-hits": 36313773, "ll-write-misses": 4503490}]}