{"instance": "late-27", "num-variables": 25600, "num-constraints": 153600, "num-var-disjunct": 20480, "max-disjunct": 10, "sum-disjunct": 204800, "values": [{"method": "RULT", "scans": 24.67231748759814, "cache-hits": 2459394, "cache-misses": 1677512, "l1d-hits": 76403015, "l1d-misses": 9040470, "ll-read-hits": 2190469, "ll-read-misses": 1656152, "ll-write-hits": 2190469, "ll-write-misses": 1656152}, {"method": "ILP", "scans": 0.0, "cache-hits": 56254677, "cache-misses": 25281239, "l1d-hits": 3029821379, "l1d-misses": 142745969, "ll-read-hits": 55357734, "ll-read-misses": 21073466, "ll-write-hits": 55357734, "ll-write-misses": 21073466}, {"method": "BFDC", "scans": 2.944728721534315, "cache-hits": 994912, "cache-misses": 35458, "l1d-hits": 6324732, "l1d-misses": 1520154, "ll-read-hits": 974500, "ll-read-misses": 1797, "ll-write-hits": 974500, "ll-write-misses": 1797}, {"method": "CRA", "scans": 379.0648705128706, "cache-hits": 96767697, "cache-misses": 523717, "l1d-hits": 1122215787, "l1d-misses": 157473363, "ll-read-hits": 95209591, "ll-read-misses": 116623, "ll-write-hits": 95209591, "ll-write-misses": 116623}]}