{"instance": "late-25", "num-variables": 25600, "num-constraints": 153600, "num-var-disjunct": 20480, "max-disjunct": 10, "sum-disjunct": 204800, "values": [{"method": "RULT", "scans": 23.8990273817429, "cache-hits": 2337776, "cache-misses": 1771906, "l1d-hits": 73171005, "l1d-misses": 8914225, "ll-read-hits": 2090847, "ll-read-misses": 1758563, "ll-write-hits": 2090847, "ll-write-misses": 1758563}, {"method": "ILP", "scans": 0.0, "cache-hits": 50867599, "cache-misses": 27937160, "l1d-hits": 3020250894, "l1d-misses": 141248580, "ll-read-hits": 48354973, "ll-read-misses": 24534472, "ll-write-hits": 48354973, "ll-write-misses": 24534472}, {"method": "BFDC", "scans": 3.011562048357486, "cache-hits": 961768, "cache-misses": 128363, "l1d-hits": 6443184, "l1d-misses": 1576163, "ll-read-hits": 892494, "ll-read-misses": 143291, "ll-write-hits": 892494, "ll-write-misses": 143291}, {"method": "CRA", "scans": 364.91784500605445, "cache-hits": 75380053, "cache-misses": 10792136, "l1d-hits": 1073445135, "l1d-misses": 150556686, "ll-read-hits": 87839344, "ll-read-misses": 3231049, "ll-write-hits": 87839344, "ll-write-misses": 3231049}]}