{"instance": "late-21", "num-variables": 6400, "num-constraints": 38400, "num-var-disjunct": 5120, "max-disjunct": 10, "sum-disjunct": 51200, "values": [{"method": "RULT", "scans": 26.236525542883925, "cache-hits": 700499, "cache-misses": 126824, "l1d-hits": 19726249, "l1d-misses": 1982340, "ll-read-hits": 639237, "ll-read-misses": 160156, "ll-write-hits": 639237, "ll-write-misses": 160156}, {"method": "ILP", "scans": 0.0, "cache-hits": 12739795, "cache-misses": 4605892, "l1d-hits": 923753118, "l1d-misses": 43372418, "ll-read-hits": 11518159, "ll-read-misses": 4212574, "ll-write-hits": 11518159, "ll-write-misses": 4212574}, {"method": "BFDC", "scans": 2.8700203093266676, "cache-hits": 135759, "cache-misses": 3035, "l1d-hits": 1622575, "l1d-misses": 263089, "ll-read-hits": 126484, "ll-read-misses": 91, "ll-write-hits": 126484, "ll-write-misses": 91}, {"method": "CRA", "scans": 1012.5517887830026, "cache-hits": 39779742, "cache-misses": 2064809, "l1d-hits": 909218356, "l1d-misses": 102799285, "ll-read-hits": 37751773, "ll-read-misses": 2441532, "ll-write-hits": 37751773, "ll-write-misses": 2441532}]}