{"instance": "late-14", "num-variables": 1600, "num-constraints": 9600, "num-var-disjunct": 1280, "max-disjunct": 10, "sum-disjunct": 12800, "values": [{"method": "RULT", "scans": 23.27420362273579, "cache-hits": 108756, "cache-misses": 3680, "l1d-hits": 4141459, "l1d-misses": 381561, "ll-read-hits": 108653, "ll-read-misses": 126, "ll-write-hits": 108653, "ll-write-misses": 126}, {"method": "ILP", "scans": 0.0, "cache-hits": 2222120, "cache-misses": 455830, "l1d-hits": 229640444, "l1d-misses": 9675573, "ll-read-hits": 1888051, "ll-read-misses": 303772, "ll-write-hits": 1888051, "ll-write-misses": 303772}, {"method": "BFDC", "scans": 2.9319175515302938, "cache-hits": 22665, "cache-misses": 49, "l1d-hits": 421855, "l1d-misses": 51228, "ll-read-hits": 20796, "ll-read-misses": 0, "ll-write-hits": 20796, "ll-write-misses": 0}, {"method": "CRA", "scans": 338.03247970018737, "cache-hits": 2520940, "cache-misses": 40393, "l1d-hits": 76753879, "l1d-misses": 5131515, "ll-read-hits": 2390763, "ll-read-misses": 21964, "ll-write-hits": 2390763, "ll-write-misses": 21964}]}