{"instance": "late-13", "num-variables": 1600, "num-constraints": 9600, "num-var-disjunct": 1280, "max-disjunct": 10, "sum-disjunct": 12800, "values": [{"method": "RULT", "scans": 21.329793878825733, "cache-hits": 92501, "cache-misses": 1350, "l1d-hits": 3844049, "l1d-misses": 324474, "ll-read-hits": 89779, "ll-read-misses": 89, "ll-write-hits": 89779, "ll-write-misses": 89}, {"method": "ILP", "scans": 0.0, "cache-hits": 2289790, "cache-misses": 434336, "l1d-hits": 228665750, "l1d-misses": 9708190, "ll-read-hits": 1964195, "ll-read-misses": 276938, "ll-write-hits": 1964195, "ll-write-misses": 276938}, {"method": "BFDC", "scans": 3.051842598376015, "cache-hits": 23469, "cache-misses": 111, "l1d-hits": 437106, "l1d-misses": 53972, "ll-read-hits": 21712, "ll-read-misses": 2, "ll-write-hits": 21712, "ll-write-misses": 2}, {"method": "CRA", "scans": 426.26046221111807, "cache-hits": 3107190, "cache-misses": 69352, "l1d-hits": 95151841, "l1d-misses": 6330412, "ll-read-hits": 2963327, "ll-read-misses": 26778, "ll-write-hits": 2963327, "ll-write-misses": 26778}]}