{"instance": "late-17", "num-variables": 3200, "num-constraints": 19200, "num-var-disjunct": 2560, "max-disjunct": 10, "sum-disjunct": 25600, "values": [{"method": "RULT", "scans": 22.43767572633552, "cache-hits": 265144, "cache-misses": 27983, "l1d-hits": 8141538, "l1d-misses": 785779, "ll-read-hits": 246762, "ll-read-misses": 37704, "ll-write-hits": 246762, "ll-write-misses": 37704}, {"method": "ILP", "scans": 0.0, "cache-hits": 5578082, "cache-misses": 1259047, "l1d-hits": 470190579, "l1d-misses": 21400460, "ll-read-hits": 4824883, "ll-read-misses": 1132696, "ll-write-hits": 4824883, "ll-write-misses": 1132696}, {"method": "BFDC", "scans": 3.0168697282099344, "cache-hits": 60293, "cache-misses": 99, "l1d-hits": 858304, "l1d-misses": 121605, "ll-read-hits": 55036, "ll-read-misses": 7, "ll-write-hits": 55036, "ll-write-misses": 7}, {"method": "CRA", "scans": 421.1087160262418, "cache-hits": 7355910, "cache-misses": 136579, "l1d-hits": 204366782, "l1d-misses": 17700449, "ll-read-hits": 7050430, "ll-read-misses": 93092, "ll-write-hits": 7050430, "ll-write-misses": 93092}]}