{"instance": "late-18", "num-variables": 3200, "num-constraints": 19200, "num-var-disjunct": 2560, "max-disjunct": 10, "sum-disjunct": 25600, "values": [{"method": "RULT", "scans": 23.32739768822243, "cache-hits": 255158, "cache-misses": 46293, "l1d-hits": 8528946, "l1d-misses": 824210, "ll-read-hits": 274776, "ll-read-misses": 15470, "ll-write-hits": 274776, "ll-write-misses": 15470}, {"method": "ILP", "scans": 0.0, "cache-hits": 6320758, "cache-misses": 452081, "l1d-hits": 475295620, "l1d-misses": 21820275, "ll-read-hits": 5100084, "ll-read-misses": 886319, "ll-write-hits": 5100084, "ll-write-misses": 886319}, {"method": "BFDC", "scans": 3.0306154326772883, "cache-hits": 60205, "cache-misses": 186, "l1d-hits": 865284, "l1d-misses": 121223, "ll-read-hits": 55638, "ll-read-misses": 9, "ll-write-hits": 55638, "ll-write-misses": 9}, {"method": "CRA", "scans": 570.7278975320212, "cache-hits": 9546879, "cache-misses": 235854, "l1d-hits": 261814289, "l1d-misses": 22744281, "ll-read-hits": 9194822, "ll-read-misses": 105102, "ll-write-hits": 9194822, "ll-write-misses": 105102}]}