{"instance": "late-23", "num-variables": 12800, "num-constraints": 76800, "num-var-disjunct": 10240, "max-disjunct": 10, "sum-disjunct": 102400, "values": [{"method": "RULT", "scans": 22.806343254433248, "cache-hits": 1115776, "cache-misses": 536964, "l1d-hits": 34289843, "l1d-misses": 3757664, "ll-read-hits": 1045376, "ll-read-misses": 488246, "ll-write-hits": 1045376, "ll-write-misses": 488246}, {"method": "ILP", "scans": 0.0, "cache-hits": 31785839, "cache-misses": 13780268, "l1d-hits": 1906353317, "l1d-misses": 96778622, "ll-read-hits": 29098268, "ll-read-misses": 11638250, "ll-write-hits": 29098268, "ll-write-misses": 11638250}, {"method": "BFDC", "scans": 3.065697992344348, "cache-hits": 364869, "cache-misses": 20178, "l1d-hits": 3376625, "l1d-misses": 669255, "ll-read-hits": 355963, "ll-read-misses": 3495, "ll-write-hits": 355963, "ll-write-misses": 3495}, {"method": "CRA", "scans": 670.0590578861027, "cache-hits": 59063517, "cache-misses": 7601430, "l1d-hits": 1099016070, "l1d-misses": 140692906, "ll-read-hits": 48880218, "ll-read-misses": 12203073, "ll-write-hits": 48880218, "ll-write-misses": 12203073}]}