{"instance": "late-22", "num-variables": 12800, "num-constraints": 76800, "num-var-disjunct": 10240, "max-disjunct": 10, "sum-disjunct": 102400, "values": [{"method": "RULT", "scans": 22.186547925943287, "cache-hits": 966430, "cache-misses": 671875, "l1d-hits": 33346596, "l1d-misses": 3703158, "ll-read-hits": 858247, "ll-read-misses": 656731, "ll-write-hits": 858247, "ll-write-misses": 656731}, {"method": "ILP", "scans": 0.0, "cache-hits": 32462462, "cache-misses": 13847048, "l1d-hits": 1915748509, "l1d-misses": 98042495, "ll-read-hits": 28940007, "ll-read-misses": 13173974, "ll-write-hits": 28940007, "ll-write-misses": 13173974}, {"method": "BFDC", "scans": 3.2158425123037264, "cache-hits": 367067, "cache-misses": 43048, "l1d-hits": 3534725, "l1d-misses": 704991, "ll-read-hits": 329703, "ll-read-misses": 55571, "ll-write-hits": 329703, "ll-write-misses": 55571}, {"method": "CRA", "scans": 670.4641434262949, "cache-hits": 49243459, "cache-misses": 13559519, "l1d-hits": 1111811193, "l1d-misses": 142355924, "ll-read-hits": 61307925, "ll-read-misses": 5207455, "ll-write-hits": 61307925, "ll-write-misses": 5207455}]}