{"instance": "late-16", "num-variables": 3200, "num-constraints": 19200, "num-var-disjunct": 2560, "max-disjunct": 10, "sum-disjunct": 25600, "values": [{"method": "RULT", "scans": 22.87378944079975, "cache-hits": 290537, "cache-misses": 755, "l1d-hits": 8528843, "l1d-misses": 762772, "ll-read-hits": 281193, "ll-read-misses": 35, "ll-write-hits": 281193, "ll-write-misses": 35}, {"method": "ILP", "scans": 0.0, "cache-hits": 6089762, "cache-misses": 662588, "l1d-hits": 472005718, "l1d-misses": 21622769, "ll-read-hits": 4990254, "ll-read-misses": 954776, "ll-write-hits": 4990254, "ll-write-misses": 954776}, {"method": "BFDC", "scans": 2.979381443298969, "cache-hits": 58336, "cache-misses": 1232, "l1d-hits": 849323, "l1d-misses": 118370, "ll-read-hits": 54674, "ll-read-misses": 42, "ll-write-hits": 54674, "ll-write-misses": 42}, {"method": "CRA", "scans": 536.2899094033114, "cache-hits": 9199717, "cache-misses": 185915, "l1d-hits": 252013052, "l1d-misses": 22000108, "ll-read-hits": 8748639, "ll-read-misses": 120651, "ll-write-hits": 8748639, "ll-write-misses": 120651}]}