{"instance": "late-15", "num-variables": 1600, "num-constraints": 9600, "num-var-disjunct": 1280, "max-disjunct": 10, "sum-disjunct": 12800, "values": [{"method": "RULT", "scans": 21.69956277326671, "cache-hits": 110687, "cache-misses": 133, "l1d-hits": 3747382, "l1d-misses": 324012, "ll-read-hits": 107718, "ll-read-misses": 4, "ll-write-hits": 107718, "ll-write-misses": 4}, {"method": "ILP", "scans": 0.0, "cache-hits": 2732528, "cache-misses": 77444, "l1d-hits": 238589126, "l1d-misses": 10385841, "ll-read-hits": 2196963, "ll-read-misses": 144192, "ll-write-hits": 2196963, "ll-write-misses": 144192}, {"method": "BFDC", "scans": 2.952529668956902, "cache-hits": 22769, "cache-misses": 90, "l1d-hits": 424106, "l1d-misses": 51469, "ll-read-hits": 20766, "ll-read-misses": 3, "ll-write-hits": 20766, "ll-write-misses": 3}, {"method": "CRA", "scans": 392.0737039350406, "cache-hits": 2926132, "cache-misses": 51656, "l1d-hits": 89857073, "l1d-misses": 5938746, "ll-read-hits": 2769093, "ll-read-misses": 25956, "ll-write-hits": 2769093, "ll-write-misses": 25956}]}