{"instance": "vrp-386", "num-variables": 1322, "num-constraints": 1822, "num-var-disjunct": 1225, "max-disjunct": 19, "sum-disjunct": 23275, "values": [{"method": "RULT", "scans": 13.53363567649282, "cache-hits": 25609, "cache-misses": 1702, "l1d-hits": 1865477, "l1d-misses": 118394, "ll-read-hits": 26330, "ll-read-misses": 490, "ll-write-hits": 26330, "ll-write-misses": 490}, {"method": "ILP", "scans": 0.0, "cache-hits": 3986942, "cache-misses": 581335, "l1d-hits": 263333271, "l1d-misses": 14572006, "ll-read-hits": 3577492, "ll-read-misses": 360990, "ll-write-hits": 3577492, "ll-write-misses": 360990}, {"method": "BFDC", "scans": 3.2214663643235073, "cache-hits": 13248, "cache-misses": 68, "l1d-hits": 347632, "l1d-misses": 37741, "ll-read-hits": 12921, "ll-read-misses": 1, "ll-write-hits": 12921, "ll-write-misses": 1}, {"method": "CRA", "scans": 169.38397581254725, "cache-hits": 456198, "cache-misses": 18773, "l1d-hits": 16096213, "l1d-misses": 1475339, "ll-read-hits": 402120, "ll-read-misses": 3543, "ll-write-hits": 402120, "ll-write-misses": 3543}]}