{"instance": "vrp-383", "num-variables": 1320, "num-constraints": 1820, "num-var-disjunct": 1092, "max-disjunct": 19, "sum-disjunct": 20748, "values": [{"method": "RULT", "scans": 13.211960635881908, "cache-hits": 25683, "cache-misses": 1076, "l1d-hits": 1831448, "l1d-misses": 115462, "ll-read-hits": 25593, "ll-read-misses": 125, "ll-write-hits": 25593, "ll-write-misses": 125}, {"method": "ILP", "scans": 0.0, "cache-hits": 4029180, "cache-misses": 508810, "l1d-hits": 255718059, "l1d-misses": 14327786, "ll-read-hits": 3636672, "ll-read-misses": 365221, "ll-write-hits": 3636672, "ll-write-misses": 365221}, {"method": "BFDC", "scans": 2.987887963663891, "cache-hits": 11752, "cache-misses": 176, "l1d-hits": 322407, "l1d-misses": 34368, "ll-read-hits": 10965, "ll-read-misses": 3, "ll-write-hits": 10965, "ll-write-misses": 3}, {"method": "CRA", "scans": 129.03709311127935, "cache-hits": 327866, "cache-misses": 17952, "l1d-hits": 12189615, "l1d-misses": 1108089, "ll-read-hits": 291756, "ll-read-misses": 2365, "ll-write-hits": 291756, "ll-write-misses": 2365}]}