{"instance": "vrp-334", "num-variables": 1039, "num-constraints": 1631, "num-var-disjunct": 1026, "max-disjunct": 18, "sum-disjunct": 18468, "values": [{"method": "RULT", "scans": 13.398076923076923, "cache-hits": 24607, "cache-misses": 204, "l1d-hits": 1455614, "l1d-misses": 99965, "ll-read-hits": 23700, "ll-read-misses": 1, "ll-write-hits": 23700, "ll-write-misses": 1}, {"method": "ILP", "scans": 0.0, "cache-hits": 3881179, "cache-misses": 292723, "l1d-hits": 230732452, "l1d-misses": 12407346, "ll-read-hits": 3522888, "ll-read-misses": 268012, "ll-write-hits": 3522888, "ll-write-misses": 268012}, {"method": "BFDC", "scans": 3.271153846153846, "cache-hits": 9179, "cache-misses": 57, "l1d-hits": 267000, "l1d-misses": 29694, "ll-read-hits": 8623, "ll-read-misses": 0, "ll-write-hits": 8623, "ll-write-misses": 0}, {"method": "CRA", "scans": 154.10288461538462, "cache-hits": 258454, "cache-misses": 13284, "l1d-hits": 12077096, "l1d-misses": 980077, "ll-read-hits": 221897, "ll-read-misses": 4276, "ll-write-hits": 221897, "ll-write-misses": 4276}]}