{"instance": "rand-27", "num-variables": 25600, "num-constraints": 153600, "num-var-disjunct": 20480, "max-disjunct": 10, "sum-disjunct": 204800, "values": [{"method": "RULT", "scans": 9.14694738486778, "cache-hits": 523177, "cache-misses": 927406, "l1d-hits": 30125445, "l1d-misses": 3280501, "ll-read-hits": 459998, "ll-read-misses": 908463, "ll-write-hits": 459998, "ll-write-misses": 908463}, {"method": "ILP", "scans": 0.0, "cache-hits": 48236544, "cache-misses": 35973615, "l1d-hits": 1928726992, "l1d-misses": 147546161, "ll-read-hits": 47690712, "ll-read-misses": 31416259, "ll-write-hits": 47690712, "ll-write-misses": 31416259}, {"method": "BFDC", "scans": 3.159876567321589, "cache-hits": 808864, "cache-misses": 113128, "l1d-hits": 6745546, "l1d-misses": 1341327, "ll-read-hits": 830761, "ll-read-misses": 28504, "ll-write-hits": 830761, "ll-write-misses": 28504}, {"method": "CRA", "scans": 270.1013241670247, "cache-hits": 97929583, "cache-misses": 2987356, "l1d-hits": 1042080763, "l1d-misses": 166937967, "ll-read-hits": 95785071, "ll-read-misses": 2822958, "ll-write-hits": 95785071, "ll-write-misses": 2822958}]}