{"instance": "rand-17", "num-variables": 3200, "num-constraints": 19200, "num-var-disjunct": 2560, "max-disjunct": 10, "sum-disjunct": 25600, "values": [{"method": "RULT", "scans": 10.0893470790378, "cache-hits": 82880, "cache-misses": 55281, "l1d-hits": 3827051, "l1d-misses": 338989, "ll-read-hits": 115493, "ll-read-misses": 10828, "ll-write-hits": 115493, "ll-write-misses": 10828}, {"method": "ILP", "scans": 0.0, "cache-hits": 8701388, "cache-misses": 735129, "l1d-hits": 333258754, "l1d-misses": 22422531, "ll-read-hits": 7868690, "ll-read-misses": 784969, "ll-write-hits": 7868690, "ll-write-misses": 784969}, {"method": "BFDC", "scans": 2.9609497032177443, "cache-hits": 52402, "cache-misses": 166, "l1d-hits": 807506, "l1d-misses": 120068, "ll-read-hits": 48507, "ll-read-misses": 11, "ll-write-hits": 48507, "ll-write-misses": 11}, {"method": "CRA", "scans": 396.8288034989066, "cache-hits": 8016894, "cache-misses": 135812, "l1d-hits": 197316003, "l1d-misses": 19021832, "ll-read-hits": 7705544, "ll-read-misses": 44669, "ll-write-hits": 7705544, "ll-write-misses": 44669}]}