{"instance": "rand-22", "num-variables": 12800, "num-constraints": 76800, "num-var-disjunct": 10240, "max-disjunct": 10, "sum-disjunct": 102400, "values": [{"method": "RULT", "scans": 7.340520271853761, "cache-hits": 184192, "cache-misses": 254777, "l1d-hits": 11416890, "l1d-misses": 1217534, "ll-read-hits": 126850, "ll-read-misses": 300340, "ll-write-hits": 126850, "ll-write-misses": 300340}, {"method": "ILP", "scans": 0.0, "cache-hits": 32334237, "cache-misses": 23924960, "l1d-hits": 1453422528, "l1d-misses": 103162167, "ll-read-hits": 32766481, "ll-read-misses": 18901908, "ll-write-hits": 32766481, "ll-write-misses": 18901908}, {"method": "BFDC", "scans": 2.7061948285290214, "cache-hits": 259306, "cache-misses": 74081, "l1d-hits": 2914749, "l1d-misses": 544147, "ll-read-hits": 284507, "ll-read-misses": 23068, "ll-write-hits": 284507, "ll-write-misses": 23068}, {"method": "CRA", "scans": 160.43895008202483, "cache-hits": 19739346, "cache-misses": 2819672, "l1d-hits": 329481477, "l1d-misses": 48328264, "ll-read-hits": 19474551, "ll-read-misses": 2263486, "ll-write-hits": 19474551, "ll-write-misses": 2263486}]}