{"instance": "rand-24", "num-variables": 12800, "num-constraints": 76800, "num-var-disjunct": 10240, "max-disjunct": 10, "sum-disjunct": 102400, "values": [{"method": "RULT", "scans": 7.439653152097493, "cache-hits": 183238, "cache-misses": 262592, "l1d-hits": 11662912, "l1d-misses": 1102288, "ll-read-hits": 151973, "ll-read-misses": 275987, "ll-write-hits": 151973, "ll-write-misses": 275987}, {"method": "ILP", "scans": 0.0, "cache-hits": 35429558, "cache-misses": 13240160, "l1d-hits": 1310932438, "l1d-misses": 94969605, "ll-read-hits": 29813147, "ll-read-misses": 16096343, "ll-write-hits": 29813147, "ll-write-misses": 16096343}, {"method": "BFDC", "scans": 2.8567299429732054, "cache-hits": 295144, "cache-misses": 43223, "l1d-hits": 3111071, "l1d-misses": 539828, "ll-read-hits": 303584, "ll-read-misses": 8249, "ll-write-hits": 303584, "ll-write-misses": 8249}, {"method": "CRA", "scans": 172.7140848371221, "cache-hits": 22163126, "cache-misses": 3026496, "l1d-hits": 355873085, "l1d-misses": 51807326, "ll-read-hits": 22673444, "ll-read-misses": 1654452, "ll-write-hits": 22673444, "ll-write-misses": 1654452}]}