{"instance": "rand-13", "num-variables": 1600, "num-constraints": 9600, "num-var-disjunct": 1280, "max-disjunct": 10, "sum-disjunct": 12800, "values": [{"method": "RULT", "scans": 8.547158026233603, "cache-hits": 45782, "cache-misses": 2359, "l1d-hits": 1534494, "l1d-misses": 138524, "ll-read-hits": 47466, "ll-read-misses": 174, "ll-write-hits": 47466, "ll-write-misses": 174}, {"method": "ILP", "scans": 0.0, "cache-hits": 3916833, "cache-misses": 446305, "l1d-hits": 178350495, "l1d-misses": 11278955, "ll-read-hits": 3668040, "ll-read-misses": 227221, "ll-write-hits": 3668040, "ll-write-misses": 227221}, {"method": "BFDC", "scans": 2.5309181761399127, "cache-hits": 14797, "cache-misses": 147, "l1d-hits": 356207, "l1d-misses": 39959, "ll-read-hits": 14268, "ll-read-misses": 2, "ll-write-hits": 14268, "ll-write-misses": 2}, {"method": "CRA", "scans": 149.1948782011243, "cache-hits": 1344455, "cache-misses": 34229, "l1d-hits": 36483114, "l1d-misses": 2613699, "ll-read-hits": 1291886, "ll-read-misses": 5099, "ll-write-hits": 1291886, "ll-write-misses": 5099}]}