{"instance": "rand-23", "num-variables": 12800, "num-constraints": 76800, "num-var-disjunct": 10240, "max-disjunct": 10, "sum-disjunct": 102400, "values": [{"method": "RULT", "scans": 6.945629247715022, "cache-hits": 184326, "cache-misses": 244535, "l1d-hits": 10435337, "l1d-misses": 1053101, "ll-read-hits": 168135, "ll-read-misses": 236168, "ll-write-hits": 168135, "ll-write-misses": 236168}, {"method": "ILP", "scans": 0.0, "cache-hits": 28152662, "cache-misses": 18452036, "l1d-hits": 1142607285, "l1d-misses": 93209998, "ll-read-hits": 27706110, "ll-read-misses": 13872671, "ll-write-hits": 27706110, "ll-write-misses": 13872671}, {"method": "BFDC", "scans": 3.5383954378564173, "cache-hits": 337422, "cache-misses": 112958, "l1d-hits": 3747372, "l1d-misses": 726548, "ll-read-hits": 333715, "ll-read-misses": 84296, "ll-write-hits": 333715, "ll-write-misses": 84296}, {"method": "CRA", "scans": 98.50706976017499, "cache-hits": 7994487, "cache-misses": 5886332, "l1d-hits": 199728547, "l1d-misses": 29261955, "ll-read-hits": 11296246, "ll-read-misses": 2038086, "ll-write-hits": 11296246, "ll-write-misses": 2038086}]}