{"instance": "rand-25", "num-variables": 25600, "num-constraints": 153600, "num-var-disjunct": 20480, "max-disjunct": 10, "sum-disjunct": 204800, "values": [{"method": "RULT", "scans": 7.680598414124448, "cache-hits": 452887, "cache-misses": 637562, "l1d-hits": 24478349, "l1d-misses": 2665431, "ll-read-hits": 405278, "ll-read-misses": 625605, "ll-write-hits": 405278, "ll-write-misses": 625605}, {"method": "ILP", "scans": 0.0, "cache-hits": 48081763, "cache-misses": 34523997, "l1d-hits": 1765656479, "l1d-misses": 121326019, "ll-read-hits": 56210392, "ll-read-misses": 23980201, "ll-write-hits": 56210392, "ll-write-misses": 23980201}, {"method": "BFDC", "scans": 3.1651888598101636, "cache-hits": 902721, "cache-misses": 25123, "l1d-hits": 6771294, "l1d-misses": 1346186, "ll-read-hits": 868143, "ll-read-misses": 201, "ll-write-hits": 868143, "ll-write-misses": 201}, {"method": "CRA", "scans": 255.31619858599274, "cache-hits": 103634964, "cache-misses": 330126, "l1d-hits": 1057410688, "l1d-misses": 169493449, "ll-read-hits": 101144743, "ll-read-misses": 806265, "ll-write-hits": 101144743, "ll-write-misses": 806265}]}