{"instance": "rand-19", "num-variables": 6400, "num-constraints": 38400, "num-var-disjunct": 5120, "max-disjunct": 10, "sum-disjunct": 51200, "values": [{"method": "RULT", "scans": 7.679112638650211, "cache-hits": 183780, "cache-misses": 17810, "l1d-hits": 5784887, "l1d-misses": 520396, "ll-read-hits": 191793, "ll-read-misses": 1235, "ll-write-hits": 191793, "ll-write-misses": 1235}, {"method": "ILP", "scans": 0.0, "cache-hits": 20804456, "cache-misses": 4227418, "l1d-hits": 717958764, "l1d-misses": 54893047, "ll-read-hits": 17653768, "ll-read-misses": 5987544, "ll-write-hits": 17653768, "ll-write-misses": 5987544}, {"method": "BFDC", "scans": 3.0913919700046866, "cache-hits": 143006, "cache-misses": 2904, "l1d-hits": 1664670, "l1d-misses": 292795, "ll-read-hits": 134171, "ll-read-misses": 222, "ll-write-hits": 134171, "ll-write-misses": 222}, {"method": "CRA", "scans": 114.75378847055147, "cache-hits": 5862175, "cache-misses": 165448, "l1d-hits": 116145375, "l1d-misses": 14837339, "ll-read-hits": 4617612, "ll-read-misses": 1170476, "ll-write-hits": 4617612, "ll-write-misses": 1170476}]}