{"instance": "rand-20", "num-variables": 6400, "num-constraints": 38400, "num-var-disjunct": 5120, "max-disjunct": 10, "sum-disjunct": 51200, "values": [{"method": "RULT", "scans": 10.151851273238556, "cache-hits": 245734, "cache-misses": 53199, "l1d-hits": 7896231, "l1d-misses": 729636, "ll-read-hits": 285966, "ll-read-misses": 1296, "ll-write-hits": 285966, "ll-write-misses": 1296}, {"method": "ILP", "scans": 0.0, "cache-hits": 19706192, "cache-misses": 4239351, "l1d-hits": 686292277, "l1d-misses": 51325137, "ll-read-hits": 16671782, "ll-read-misses": 6042452, "ll-write-hits": 16671782, "ll-write-misses": 6042452}, {"method": "BFDC", "scans": 3.1902827683174504, "cache-hits": 137110, "cache-misses": 12315, "l1d-hits": 1736837, "l1d-misses": 280104, "ll-read-hits": 131700, "ll-read-misses": 5412, "ll-write-hits": 131700, "ll-write-misses": 5412}, {"method": "CRA", "scans": 507.1713794719575, "cache-hits": 22243709, "cache-misses": 3774185, "l1d-hits": 512867516, "l1d-misses": 64472898, "ll-read-hits": 19407079, "ll-read-misses": 5599904, "ll-write-hits": 19407079, "ll-write-misses": 5599904}]}