{"instance": "rand-21", "num-variables": 6400, "num-constraints": 38400, "num-var-disjunct": 5120, "max-disjunct": 10, "sum-disjunct": 51200, "values": [{"method": "RULT", "scans": 9.819715669426651, "cache-hits": 133951, "cache-misses": 158561, "l1d-hits": 7724667, "l1d-misses": 725350, "ll-read-hits": 188857, "ll-read-misses": 87741, "ll-write-hits": 188857, "ll-write-misses": 87741}, {"method": "ILP", "scans": 0.0, "cache-hits": 20661635, "cache-misses": 3883496, "l1d-hits": 703294866, "l1d-misses": 54290053, "ll-read-hits": 19219302, "ll-read-misses": 3049335, "ll-write-hits": 19219302, "ll-write-misses": 3049335}, {"method": "BFDC", "scans": 2.7083268239337603, "cache-hits": 121055, "cache-misses": 715, "l1d-hits": 1467524, "l1d-misses": 248232, "ll-read-hits": 111527, "ll-read-misses": 32, "ll-write-hits": 111527, "ll-write-misses": 32}, {"method": "CRA", "scans": 752.1559131385721, "cache-hits": 36592296, "cache-misses": 1110097, "l1d-hits": 747140940, "l1d-misses": 94406639, "ll-read-hits": 33160015, "ll-read-misses": 2838966, "ll-write-hits": 33160015, "ll-write-misses": 2838966}]}