{"instance": "rand-16", "num-variables": 3200, "num-constraints": 19200, "num-var-disjunct": 2560, "max-disjunct": 10, "sum-disjunct": 25600, "values": [{"method": "RULT", "scans": 8.63105279600125, "cache-hits": 105834, "cache-misses": 217, "l1d-hits": 3227418, "l1d-misses": 282267, "ll-read-hits": 103453, "ll-read-misses": 3, "ll-write-hits": 103453, "ll-write-misses": 3}, {"method": "ILP", "scans": 0.0, "cache-hits": 5823721, "cache-misses": 625672, "l1d-hits": 255655496, "l1d-misses": 17485709, "ll-read-hits": 5046531, "ll-read-misses": 702802, "ll-write-hits": 5046531, "ll-write-misses": 702802}, {"method": "BFDC", "scans": 2.9209621993127146, "cache-hits": 53717, "cache-misses": 282, "l1d-hits": 802863, "l1d-misses": 109202, "ll-read-hits": 48081, "ll-read-misses": 0, "ll-write-hits": 48081, "ll-write-misses": 0}, {"method": "CRA", "scans": 51.99937519525148, "cache-hits": 1069395, "cache-misses": 25408, "l1d-hits": 26130476, "l1d-misses": 2547092, "ll-read-hits": 1029883, "ll-read-misses": 9143, "ll-write-hits": 1029883, "ll-write-misses": 9143}]}