{"instance": "rand-26", "num-variables": 25600, "num-constraints": 153600, "num-var-disjunct": 20480, "max-disjunct": 10, "sum-disjunct": 204800, "values": [{"method": "RULT", "scans": 7.510019139877349, "cache-hits": 429910, "cache-misses": 642385, "l1d-hits": 24253430, "l1d-misses": 2488695, "ll-read-hits": 374351, "ll-read-misses": 639286, "ll-write-hits": 374351, "ll-write-misses": 639286}, {"method": "ILP", "scans": 0.0, "cache-hits": 41123243, "cache-misses": 36598678, "l1d-hits": 1886921067, "l1d-misses": 141572898, "ll-read-hits": 44855884, "ll-read-misses": 30500332, "ll-write-hits": 44855884, "ll-write-misses": 30500332}, {"method": "BFDC", "scans": 2.9173860396078277, "cache-hits": 617166, "cache-misses": 237563, "l1d-hits": 6237417, "l1d-misses": 1243427, "ll-read-hits": 718997, "ll-read-misses": 76903, "ll-write-hits": 718997, "ll-write-misses": 76903}, {"method": "CRA", "scans": 237.02117104800593, "cache-hits": 67712667, "cache-misses": 16376229, "l1d-hits": 1011139916, "l1d-misses": 163082585, "ll-read-hits": 90574824, "ll-read-misses": 4021987, "ll-write-hits": 90574824, "ll-write-misses": 4021987}]}