{"instance": "rand-14", "num-variables": 1600, "num-constraints": 9600, "num-var-disjunct": 1280, "max-disjunct": 10, "sum-disjunct": 12800, "values": [{"method": "RULT", "scans": 8.025608994378514, "cache-hits": 40168, "cache-misses": 2673, "l1d-hits": 1430466, "l1d-misses": 117991, "ll-read-hits": 40557, "ll-read-misses": 100, "ll-write-hits": 40557, "ll-write-misses": 100}, {"method": "ILP", "scans": 0.0, "cache-hits": 3516101, "cache-misses": 448589, "l1d-hits": 166202986, "l1d-misses": 11232308, "ll-read-hits": 3245350, "ll-read-misses": 135293, "ll-write-hits": 3245350, "ll-write-misses": 135293}, {"method": "BFDC", "scans": 3.3048094940662085, "cache-hits": 22431, "cache-misses": 69, "l1d-hits": 454000, "l1d-misses": 54378, "ll-read-hits": 21146, "ll-read-misses": 0, "ll-write-hits": 21146, "ll-write-misses": 0}, {"method": "CRA", "scans": 57.85134291068083, "cache-hits": 537209, "cache-misses": 508, "l1d-hits": 14392893, "l1d-misses": 1021678, "ll-read-hits": 507977, "ll-read-misses": 1311, "ll-write-hits": 507977, "ll-write-misses": 1311}]}