{"instance": "rand-18", "num-variables": 3200, "num-constraints": 19200, "num-var-disjunct": 2560, "max-disjunct": 10, "sum-disjunct": 25600, "values": [{"method": "RULT", "scans": 10.138394251796313, "cache-hits": 127406, "cache-misses": 16742, "l1d-hits": 3880761, "l1d-misses": 351525, "ll-read-hits": 136970, "ll-read-misses": 229, "ll-write-hits": 136970, "ll-write-misses": 229}, {"method": "ILP", "scans": 0.0, "cache-hits": 8818082, "cache-misses": 1112486, "l1d-hits": 339366265, "l1d-misses": 23543972, "ll-read-hits": 8241477, "ll-read-misses": 755668, "ll-write-hits": 8241477, "ll-write-misses": 755668}, {"method": "BFDC", "scans": 2.8619181505779445, "cache-hits": 47474, "cache-misses": 96, "l1d-hits": 782350, "l1d-misses": 108687, "ll-read-hits": 43683, "ll-read-misses": 0, "ll-write-hits": 43683, "ll-write-misses": 0}, {"method": "CRA", "scans": 574.7960012496095, "cache-hits": 11353605, "cache-misses": 160605, "l1d-hits": 279501091, "l1d-misses": 27166997, "ll-read-hits": 10805990, "ll-read-misses": 56978, "ll-write-hits": 10805990, "ll-write-misses": 56978}]}