{"instance": "grid-43", "num-variables": 12801, "num-constraints": 76635, "num-var-disjunct": 10240, "max-disjunct": 10, "sum-disjunct": 102400, "values": [{"method": "RULT", "scans": 7.022418372129355, "cache-hits": 135496, "cache-misses": 113057, "l1d-hits": 8966831, "l1d-misses": 630115, "ll-read-hits": 130499, "ll-read-misses": 107604, "ll-write-hits": 130499, "ll-write-misses": 107604}, {"method": "ILP", "scans": 0.0, "cache-hits": 2088667, "cache-misses": 1905630, "l1d-hits": 522400392, "l1d-misses": 15604164, "ll-read-hits": 1769591, "ll-read-misses": 1882723, "ll-write-hits": 1769591, "ll-write-misses": 1882723}, {"method": "BFDC", "scans": 2.4127480081237307, "cache-hits": 124154, "cache-misses": 352, "l1d-hits": 2898765, "l1d-misses": 226907, "ll-read-hits": 117327, "ll-read-misses": 6, "ll-write-hits": 117327, "ll-write-misses": 6}, {"method": "CRA", "scans": 117.76503671301359, "cache-hits": 8669529, "cache-misses": 96168, "l1d-hits": 242907176, "l1d-misses": 11793972, "ll-read-hits": 8399733, "ll-read-misses": 1814, "ll-write-hits": 8399733, "ll-write-misses": 1814}]}