{"instance": "grid-45", "num-variables": 25601, "num-constraints": 153293, "num-var-disjunct": 20480, "max-disjunct": 10, "sum-disjunct": 204800, "values": [{"method": "RULT", "scans": 7.736856495586283, "cache-hits": 365208, "cache-misses": 221063, "l1d-hits": 19462760, "l1d-misses": 1385189, "ll-read-hits": 345973, "ll-read-misses": 214371, "ll-write-hits": 345973, "ll-write-misses": 214371}, {"method": "ILP", "scans": 0.0, "cache-hits": 3854561, "cache-misses": 3494138, "l1d-hits": 952454741, "l1d-misses": 27982041, "ll-read-hits": 3531210, "ll-read-misses": 3411092, "ll-write-hits": 3531210, "ll-write-misses": 3411092}, {"method": "BFDC", "scans": 1.4000078118896961, "cache-hits": 53669, "cache-misses": 11879, "l1d-hits": 3648703, "l1d-misses": 207637, "ll-read-hits": 60350, "ll-read-misses": 77, "ll-write-hits": 60350, "ll-write-misses": 77}, {"method": "CRA", "scans": 157.74919928130615, "cache-hits": 24560550, "cache-misses": 364422, "l1d-hits": 684927366, "l1d-misses": 33049891, "ll-read-hits": 23839490, "ll-read-misses": 54775, "ll-write-hits": 23839490, "ll-write-misses": 54775}]}