{"instance": "grid-44", "num-variables": 25601, "num-constraints": 153310, "num-var-disjunct": 20480, "max-disjunct": 10, "sum-disjunct": 204800, "values": [{"method": "RULT", "scans": 0.08034528552456839, "cache-hits": 1236, "cache-misses": 1312, "l1d-hits": 489131, "l1d-misses": 16196, "ll-read-hits": 578, "ll-read-misses": 639, "ll-write-hits": 578, "ll-write-misses": 639}, {"method": "ILP", "scans": 0.0, "cache-hits": 3740065, "cache-misses": 3435362, "l1d-hits": 912635916, "l1d-misses": 27223802, "ll-read-hits": 3271553, "ll-read-misses": 3344857, "ll-write-hits": 3271553, "ll-write-misses": 3344857}, {"method": "BFDC", "scans": 0.12346691664713694, "cache-hits": 4843, "cache-misses": 1566, "l1d-hits": 659291, "l1d-misses": 29264, "ll-read-hits": 5402, "ll-read-misses": 1, "ll-write-hits": 5402, "ll-write-misses": 1}, {"method": "CRA", "scans": 0.07807983751269432, "cache-hits": 13347, "cache-misses": 34108, "l1d-hits": 566694, "l1d-misses": 65914, "ll-read-hits": 42051, "ll-read-misses": 53, "ll-write-hits": 42051, "ll-write-misses": 53}]}