{"instance": "grid-42", "num-variables": 12801, "num-constraints": 76628, "num-var-disjunct": 10240, "max-disjunct": 10, "sum-disjunct": 102400, "values": [{"method": "RULT", "scans": 0.5088267458209654, "cache-hits": 1243, "cache-misses": 1559, "l1d-hits": 552682, "l1d-misses": 20657, "ll-read-hits": 690, "ll-read-misses": 1008, "ll-write-hits": 690, "ll-write-misses": 1008}, {"method": "ILP", "scans": 0.0, "cache-hits": 1812303, "cache-misses": 1633643, "l1d-hits": 458362461, "l1d-misses": 13515804, "ll-read-hits": 1551430, "ll-read-misses": 1601131, "ll-write-hits": 1551430, "ll-write-misses": 1601131}, {"method": "BFDC", "scans": 0.7707389470395251, "cache-hits": 12940, "cache-misses": 3317, "l1d-hits": 1073677, "l1d-misses": 58352, "ll-read-hits": 14556, "ll-read-misses": 30, "ll-write-hits": 14556, "ll-write-misses": 30}, {"method": "CRA", "scans": 0.5087486330260896, "cache-hits": 16688, "cache-misses": 40128, "l1d-hits": 577082, "l1d-misses": 68018, "ll-read-hits": 53604, "ll-read-misses": 204, "ll-write-hits": 53604, "ll-write-misses": 204}]}