{"instance": "vl-1", "num-variables": 50000, "num-constraints": 500000, "num-var-disjunct": 45000, "max-disjunct": 20, "sum-disjunct": 900000, "values": [{"method": "BFDC", "scans": 3.2122357552848944, "cache-hits": 2159640, "cache-misses": 534302, "l1d-hits": 15037127, "l1d-misses": 3768296, "ll-read-hits": 2236033, "ll-read-misses": 266620, "ll-write-hits": 2236033, "ll-write-misses": 266620}, {"method": "RULT", "scans": 8.842623147537049, "cache-hits": 1866091, "cache-misses": 2061501, "l1d-hits": 62466058, "l1d-misses": 8010042, "ll-read-hits": 1628685, "ll-read-misses": 2011123, "ll-write-hits": 1628685, "ll-write-misses": 2011123}, {"method": "CRA", "scans": 2131.767244655107, "cache-hits": 2865097380, "cache-misses": 122991408, "l1d-hits": 21235325660, "l1d-misses": 4271508468, "ll-read-hits": 2815401420, "ll-read-misses": 116772443, "ll-write-hits": 2815401420, "ll-write-misses": 116772443}]}