{"instance": "vl-2", "num-variables": 85900, "num-constraints": 859000, "num-var-disjunct": 77310, "max-disjunct": 60, "sum-disjunct": 4638600, "values": [{"method": "BFDC", "scans": 3.332603811364245, "cache-hits": 4016807, "cache-misses": 1727388, "l1d-hits": 31409258, "l1d-misses": 7363086, "ll-read-hits": 3843121, "ll-read-misses": 1540528, "ll-write-hits": 3843121, "ll-write-misses": 1540528}, {"method": "RULT", "scans": 10.0337132280183, "cache-hits": 4492227, "cache-misses": 5082827, "l1d-hits": 134991463, "l1d-misses": 16105540, "ll-read-hits": 3983363, "ll-read-misses": 5007092, "ll-write-hits": 3983363, "ll-write-misses": 5007092}, {"method": "CRA", "scans": 5733.976437992573, "cache-hits": 13601389578, "cache-misses": 2378182241, "l1d-hits": 95947505758, "l1d-misses": 20543647215, "ll-read-hits": 13414675710, "ll-read-misses": 2309244067, "ll-write-hits": 13414675710, "ll-write-misses": 2309244067}]}