{"instance": "vl-3", "num-variables": 200000, "num-constraints": 2000000, "num-var-disjunct": 160000, "max-disjunct": 100, "sum-disjunct": 16000000, "values": [{"method": "BFDC", "scans": 6.838205808970955, "cache-hits": 23527953, "cache-misses": 9997139, "l1d-hits": 141246119, "l1d-misses": 40955431, "ll-read-hits": 22213602, "ll-read-misses": 9831859, "ll-write-hits": 22213602, "ll-write-misses": 9831859}, {"method": "RULT", "scans": 23.57032214838926, "cache-hits": 43139723, "cache-misses": 28937028, "l1d-hits": 636060448, "l1d-misses": 100745956, "ll-read-hits": 40344558, "ll-read-misses": 28445051, "ll-write-hits": 40344558, "ll-write-misses": 28445051}, {"method": "CRA", "scans": 1197.3819430902845, "cache-hits": 6634983159, "cache-misses": 1702805589, "l1d-hits": 60547957098, "l1d-misses": 9981692788, "ll-read-hits": 6561759774, "ll-read-misses": 1674499189, "ll-write-hits": 6561759774, "ll-write-misses": 1674499189}]}