{"instance": "vl-4", "num-variables": 400000, "num-constraints": 4000000, "num-var-disjunct": 320000, "max-disjunct": 180, "sum-disjunct": 57600000, "values": [{"method": "BFDC", "scans": 19.146509633725916, "cache-hits": 144245255, "cache-misses": 78440704, "l1d-hits": 763399383, "l1d-misses": 259851484, "ll-read-hits": 141597633, "ll-read-misses": 73579125, "ll-write-hits": 141597633, "ll-write-misses": 73579125}, {"method": "RULT", "scans": 278.8018029954925, "cache-hits": 1069886070, "cache-misses": 956040977, "l1d-hits": 16642531414, "l1d-misses": 2546992787, "ll-read-hits": 1020059792, "ll-read-misses": 930822056, "ll-write-hits": 1020059792, "ll-write-misses": 930822056}, {"method": "CRA", "scans": 2186.7941198897, "cache-hits": 15182331549, "cache-misses": 4073387890, "l1d-hits": 131745159531, "l1d-misses": 23920678448, "ll-read-hits": 15101515251, "ll-read-misses": 4023739274, "ll-write-hits": 15101515251, "ll-write-misses": 4023739274}]}