{"instance": "vl-5", "num-variables": 1000000, "num-constraints": 10000000, "num-var-disjunct": 800000, "max-disjunct": 500, "sum-disjunct": 400000000, "values": [{"method": "BFDC", "scans": 3.213663786336214, "cache-hits": 43378678, "cache-misses": 45625997, "l1d-hits": 927064542, "l1d-misses": 110281493, "ll-read-hits": 42852030, "ll-read-misses": 43023587, "ll-write-hits": 42852030, "ll-write-misses": 43023587}, {"method": "RULT", "scans": 9.97924602075398, "cache-hits": 63381906, "cache-misses": 108765202, "l1d-hits": 3032319826, "l1d-misses": 268875224, "ll-read-hits": 59494688, "ll-read-misses": 107033080, "ll-write-hits": 59494688, "ll-write-misses": 107033080}, {"method": "CRA", "scans": 486.6898663101337, "cache-hits": 14475048509, "cache-misses": 5008096498, "l1d-hits": 101934103107, "l1d-misses": 24512466262, "ll-read-hits": 14361228396, "ll-read-misses": 4921447608, "ll-write-hits": 14361228396, "ll-write-misses": 4921447608}]}