{"instance": "rand-45", "num-variables": 25600, "num-constraints": 153600, "num-var-disjunct": 20480, "max-disjunct": 10, "sum-disjunct": 204800, "values": [{"method": "RULT", "scans": 0.8891058943010038, "cache-hits": 29872, "cache-misses": 14630, "l1d-hits": 1517509, "l1d-misses": 180956, "ll-read-hits": 19182, "ll-read-misses": 10132, "ll-write-hits": 19182, "ll-write-misses": 10132}, {"method": "ILP", "scans": 0.0, "cache-hits": 13375270, "cache-misses": 9187072, "l1d-hits": 886125609, "l1d-misses": 38220320, "ll-read-hits": 12568230, "ll-read-misses": 7850214, "ll-write-hits": 12568230, "ll-write-misses": 7850214}, {"method": "BFDC", "scans": 1.19135971251123, "cache-hits": 157318, "cache-misses": 21506, "l1d-hits": 2990579, "l1d-misses": 323692, "ll-read-hits": 157032, "ll-read-misses": 226, "ll-write-hits": 157032, "ll-write-misses": 226}, {"method": "CRA", "scans": 0.4636537635248623, "cache-hits": 74572, "cache-misses": 74390, "l1d-hits": 989673, "l1d-misses": 215776, "ll-read-hits": 134206, "ll-read-misses": 414, "ll-write-hits": 134206, "ll-write-misses": 414}]}