{"instance": "rand-43", "num-variables": 12800, "num-constraints": 76800, "num-var-disjunct": 10240, "max-disjunct": 10, "sum-disjunct": 102400, "values": [{"method": "RULT", "scans": 0.45722990391375673, "cache-hits": 3376, "cache-misses": 1944, "l1d-hits": 483177, "l1d-misses": 43575, "ll-read-hits": 1464, "ll-read-misses": 1259, "ll-write-hits": 1464, "ll-write-misses": 1259}, {"method": "ILP", "scans": 0.0, "cache-hits": 6589886, "cache-misses": 3763714, "l1d-hits": 441079357, "l1d-misses": 18720242, "ll-read-hits": 5647814, "ll-read-misses": 3698512, "ll-write-hits": 5647814, "ll-write-misses": 3698512}, {"method": "BFDC", "scans": 0.5674556675259745, "cache-hits": 14017, "cache-misses": 20343, "l1d-hits": 802619, "l1d-misses": 78761, "ll-read-hits": 27497, "ll-read-misses": 131, "ll-write-hits": 27497, "ll-write-misses": 131}, {"method": "CRA", "scans": 0.035778454808218105, "cache-hits": 7070, "cache-misses": 14667, "l1d-hits": 250148, "l1d-misses": 31934, "ll-read-hits": 18794, "ll-read-misses": 9, "ll-write-hits": 18794, "ll-write-misses": 9}]}