{"instance": "rand-44", "num-variables": 25600, "num-constraints": 153600, "num-var-disjunct": 20480, "max-disjunct": 10, "sum-disjunct": 204800, "values": [{"method": "RULT", "scans": 0.9375024413108863, "cache-hits": 32067, "cache-misses": 15707, "l1d-hits": 1586826, "l1d-misses": 191322, "ll-read-hits": 20726, "ll-read-misses": 10078, "ll-write-hits": 20726, "ll-write-misses": 10078}, {"method": "ILP", "scans": 0.0, "cache-hits": 13192243, "cache-misses": 9390996, "l1d-hits": 890836369, "l1d-misses": 38498817, "ll-read-hits": 12756328, "ll-read-misses": 7889630, "ll-write-hits": 12756328, "ll-write-misses": 7889630}, {"method": "BFDC", "scans": 1.278504745908363, "cache-hits": 162238, "cache-misses": 24439, "l1d-hits": 3191465, "l1d-misses": 346639, "ll-read-hits": 163456, "ll-read-misses": 217, "ll-write-hits": 163456, "ll-write-misses": 217}, {"method": "CRA", "scans": 0.7113394008046561, "cache-hits": 111796, "cache-misses": 99232, "l1d-hits": 1278590, "l1d-misses": 301649, "ll-read-hits": 191962, "ll-read-misses": 625, "ll-write-hits": 191962, "ll-write-misses": 625}]}