{"instance": "rand-42", "num-variables": 12800, "num-constraints": 76800, "num-var-disjunct": 10240, "max-disjunct": 10, "sum-disjunct": 102400, "values": [{"method": "RULT", "scans": 4.546754159831263, "cache-hits": 152934, "cache-misses": 102164, "l1d-hits": 6757644, "l1d-misses": 690962, "ll-read-hits": 213987, "ll-read-misses": 16298, "ll-write-hits": 213987, "ll-write-misses": 16298}, {"method": "ILP", "scans": 0.0, "cache-hits": 7042105, "cache-misses": 3353885, "l1d-hits": 460880992, "l1d-misses": 19272849, "ll-read-hits": 5880892, "ll-read-misses": 3658530, "ll-write-hits": 5880892, "ll-write-misses": 3658530}, {"method": "BFDC", "scans": 1.0704632450589797, "cache-hits": 27076, "cache-misses": 33581, "l1d-hits": 1358814, "l1d-misses": 137587, "ll-read-hits": 49499, "ll-read-misses": 348, "ll-write-hits": 49499, "ll-write-misses": 348}, {"method": "CRA", "scans": 52.17076790875713, "cache-hits": 6652052, "cache-misses": 150987, "l1d-hits": 97563080, "l1d-misses": 14386881, "ll-read-hits": 6518246, "ll-read-misses": 34783, "ll-write-hits": 6518246, "ll-write-misses": 34783}]}