{"instance": "rand-38", "num-variables": 3200, "num-constraints": 19200, "num-var-disjunct": 2560, "max-disjunct": 10, "sum-disjunct": 25600, "values": [{"method": "RULT", "scans": 4.949078412995939, "cache-hits": 44999, "cache-misses": 202, "l1d-hits": 1716378, "l1d-misses": 137387, "ll-read-hits": 43433, "ll-read-misses": 0, "ll-write-hits": 43433, "ll-write-misses": 0}, {"method": "ILP", "scans": 0.0, "cache-hits": 1907039, "cache-misses": 206441, "l1d-hits": 128665910, "l1d-misses": 5180914, "ll-read-hits": 1677527, "ll-read-misses": 249593, "ll-write-hits": 1677527, "ll-write-misses": 249593}, {"method": "BFDC", "scans": 3.1230865354576696, "cache-hits": 54568, "cache-misses": 118, "l1d-hits": 858403, "l1d-misses": 118151, "ll-read-hits": 50446, "ll-read-misses": 1, "ll-write-hits": 50446, "ll-write-misses": 1}, {"method": "CRA", "scans": 176.7282099343955, "cache-hits": 3670637, "cache-misses": 5136, "l1d-hits": 88473069, "l1d-misses": 8611829, "ll-read-hits": 3471274, "ll-read-misses": 6346, "ll-write-hits": 3471274, "ll-write-misses": 6346}]}