{"instance": "grid-14", "num-variables": 1601, "num-constraints": 9580, "num-var-disjunct": 1280, "max-disjunct": 10, "sum-disjunct": 12800, "values": [{"method": "RULT", "scans": 9.344569288389513, "cache-hits": 35409, "cache-misses": 5845, "l1d-hits": 1669016, "l1d-misses": 125900, "ll-read-hits": 38777, "ll-read-misses": 66, "ll-write-hits": 38777, "ll-write-misses": 66}, {"method": "ILP", "scans": 0.0, "cache-hits": 1872104, "cache-misses": 300125, "l1d-hits": 132994285, "l1d-misses": 8011587, "ll-read-hits": 1582154, "ll-read-misses": 235659, "ll-write-hits": 1582154, "ll-write-misses": 235659}, {"method": "BFDC", "scans": 3.239076154806492, "cache-hits": 16831, "cache-misses": 127, "l1d-hits": 473812, "l1d-misses": 37754, "ll-read-hits": 16111, "ll-read-misses": 2, "ll-write-hits": 16111, "ll-write-misses": 2}, {"method": "CRA", "scans": 67.74656679151062, "cache-hits": 556055, "cache-misses": 19161, "l1d-hits": 16317483, "l1d-misses": 741877, "ll-read-hits": 545987, "ll-read-misses": 1701, "ll-write-hits": 545987, "ll-write-misses": 1701}]}