{"instance": "grid-15", "num-variables": 1601, "num-constraints": 9587, "num-var-disjunct": 1280, "max-disjunct": 10, "sum-disjunct": 12800, "values": [{"method": "RULT", "scans": 9.833957553058676, "cache-hits": 42153, "cache-misses": 7311, "l1d-hits": 1747497, "l1d-misses": 142941, "ll-read-hits": 47574, "ll-read-misses": 51, "ll-write-hits": 47574, "ll-write-misses": 51}, {"method": "ILP", "scans": 0.0, "cache-hits": 1568590, "cache-misses": 294788, "l1d-hits": 128462307, "l1d-misses": 7271834, "ll-read-hits": 1341653, "ll-read-misses": 180801, "ll-write-hits": 1341653, "ll-write-misses": 180801}, {"method": "BFDC", "scans": 3.006242197253433, "cache-hits": 14736, "cache-misses": 199, "l1d-hits": 439993, "l1d-misses": 34877, "ll-read-hits": 14146, "ll-read-misses": 12, "ll-write-hits": 14146, "ll-write-misses": 12}, {"method": "CRA", "scans": 143.03995006242198, "cache-hits": 1149717, "cache-misses": 41722, "l1d-hits": 34416053, "l1d-misses": 1497057, "ll-read-hits": 1129745, "ll-read-misses": 1180, "ll-write-hits": 1129745, "ll-write-misses": 1180}]}