{"instance": "grid-18", "num-variables": 3201, "num-constraints": 19155, "num-var-disjunct": 2560, "max-disjunct": 10, "sum-disjunct": 25600, "values": [{"method": "RULT", "scans": 9.41099312929419, "cache-hits": 33336, "cache-misses": 64054, "l1d-hits": 3454888, "l1d-misses": 265170, "ll-read-hits": 42906, "ll-read-misses": 51276, "ll-write-hits": 42906, "ll-write-misses": 51276}, {"method": "ILP", "scans": 0.0, "cache-hits": 3691190, "cache-misses": 816238, "l1d-hits": 258143158, "l1d-misses": 16496379, "ll-read-hits": 3296796, "ll-read-misses": 410689, "ll-write-hits": 3296796, "ll-write-misses": 410689}, {"method": "BFDC", "scans": 3.6955028107432852, "cache-hits": 48600, "cache-misses": 106, "l1d-hits": 1084668, "l1d-misses": 87919, "ll-read-hits": 45858, "ll-read-misses": 0, "ll-write-hits": 45858, "ll-write-misses": 0}, {"method": "CRA", "scans": 33.49156777014366, "cache-hits": 581328, "cache-misses": 5869, "l1d-hits": 16132055, "l1d-misses": 758207, "ll-read-hits": 560827, "ll-read-misses": 1113, "ll-write-hits": 560827, "ll-write-misses": 1113}]}