{"instance": "grid-22", "num-variables": 12801, "num-constraints": 76636, "num-var-disjunct": 10240, "max-disjunct": 10, "sum-disjunct": 102400, "values": [{"method": "RULT", "scans": 11.510857678487737, "cache-hits": 171382, "cache-misses": 395401, "l1d-hits": 16439020, "l1d-misses": 1341901, "ll-read-hits": 168799, "ll-read-misses": 382584, "ll-write-hits": 168799, "ll-write-misses": 382584}, {"method": "ILP", "scans": 0.0, "cache-hits": 26307510, "cache-misses": 9941756, "l1d-hits": 1561080647, "l1d-misses": 92408831, "ll-read-hits": 26161816, "ll-read-misses": 7379133, "ll-write-hits": 26161816, "ll-write-misses": 7379133}, {"method": "BFDC", "scans": 4.823386970785815, "cache-hits": 345275, "cache-misses": 8874, "l1d-hits": 5747986, "l1d-misses": 506290, "ll-read-hits": 337661, "ll-read-misses": 963, "ll-write-hits": 337661, "ll-write-misses": 963}, {"method": "CRA", "scans": 193.00124980471801, "cache-hits": 12879421, "cache-misses": 1857731, "l1d-hits": 411581404, "l1d-misses": 19766633, "ll-read-hits": 11093066, "ll-read-misses": 3007030, "ll-write-hits": 11093066, "ll-write-misses": 3007030}]}