{"instance": "grid-23", "num-variables": 12801, "num-constraints": 76647, "num-var-disjunct": 10240, "max-disjunct": 10, "sum-disjunct": 102400, "values": [{"method": "RULT", "scans": 10.071473207311358, "cache-hits": 297473, "cache-misses": 158414, "l1d-hits": 14769727, "l1d-misses": 1103806, "ll-read-hits": 334512, "ll-read-misses": 106325, "ll-write-hits": 334512, "ll-write-misses": 106325}, {"method": "ILP", "scans": 0.0, "cache-hits": 27723739, "cache-misses": 7115252, "l1d-hits": 1310676003, "l1d-misses": 92015506, "ll-read-hits": 25811864, "ll-read-misses": 7898480, "ll-write-hits": 25811864, "ll-write-misses": 7898480}, {"method": "BFDC", "scans": 4.467114513357288, "cache-hits": 282949, "cache-misses": 51955, "l1d-hits": 5270021, "l1d-misses": 489986, "ll-read-hits": 305539, "ll-read-misses": 11579, "ll-write-hits": 305539, "ll-write-misses": 11579}, {"method": "CRA", "scans": 115.75363224496172, "cache-hits": 6516893, "cache-misses": 2258417, "l1d-hits": 248431465, "l1d-misses": 11796802, "ll-read-hits": 3602739, "ll-read-misses": 4819084, "ll-write-hits": 3602739, "ll-write-misses": 4819084}]}