{"instance": "grid-16", "num-variables": 3201, "num-constraints": 19164, "num-var-disjunct": 2560, "max-disjunct": 10, "sum-disjunct": 25600, "values": [{"method": "RULT", "scans": 10.488132417239225, "cache-hits": 44318, "cache-misses": 68638, "l1d-hits": 3904009, "l1d-misses": 304866, "ll-read-hits": 54385, "ll-read-misses": 55200, "ll-write-hits": 54385, "ll-write-misses": 55200}, {"method": "ILP", "scans": 0.0, "cache-hits": 5726476, "cache-misses": 1088794, "l1d-hits": 309180034, "l1d-misses": 18806024, "ll-read-hits": 5345648, "ll-read-misses": 536739, "ll-write-hits": 5345648, "ll-write-misses": 536739}, {"method": "BFDC", "scans": 3.5683947532792004, "cache-hits": 44979, "cache-misses": 97, "l1d-hits": 1054900, "l1d-misses": 85720, "ll-read-hits": 42858, "ll-read-misses": 1, "ll-write-hits": 42858, "ll-write-misses": 1}, {"method": "CRA", "scans": 142.868519675203, "cache-hits": 2436210, "cache-misses": 33778, "l1d-hits": 72526657, "l1d-misses": 3192694, "ll-read-hits": 2344405, "ll-read-misses": 5262, "ll-write-hits": 2344405, "ll-write-misses": 5262}]}