{"instance": "grid-21", "num-variables": 6401, "num-constraints": 38321, "num-var-disjunct": 5120, "max-disjunct": 10, "sum-disjunct": 51200, "values": [{"method": "RULT", "scans": 9.965323336457358, "cache-hits": 132525, "cache-misses": 62090, "l1d-hits": 6819710, "l1d-misses": 518256, "ll-read-hits": 94224, "ll-read-misses": 100962, "ll-write-hits": 94224, "ll-write-misses": 100962}, {"method": "ILP", "scans": 0.0, "cache-hits": 13299110, "cache-misses": 2870062, "l1d-hits": 642065114, "l1d-misses": 40889850, "ll-read-hits": 12320790, "ll-read-misses": 2736855, "ll-write-hits": 12320790, "ll-write-misses": 2736855}, {"method": "BFDC", "scans": 4.383786316776008, "cache-hits": 139322, "cache-misses": 1375, "l1d-hits": 2590297, "l1d-misses": 222738, "ll-read-hits": 133975, "ll-read-misses": 71, "ll-write-hits": 133975, "ll-write-misses": 71}, {"method": "CRA", "scans": 41.452827241487036, "cache-hits": 1429531, "cache-misses": 91131, "l1d-hits": 42120943, "l1d-misses": 2007062, "ll-read-hits": 1427705, "ll-read-misses": 25860, "ll-write-hits": 1427705, "ll-write-misses": 25860}]}