{"instance": "grid-20", "num-variables": 6401, "num-constraints": 38325, "num-var-disjunct": 5120, "max-disjunct": 10, "sum-disjunct": 51200, "values": [{"method": "RULT", "scans": 10.659325210871602, "cache-hits": 203240, "cache-misses": 34615, "l1d-hits": 7860575, "l1d-misses": 608853, "ll-read-hits": 228878, "ll-read-misses": 823, "ll-write-hits": 228878, "ll-write-misses": 823}, {"method": "ILP", "scans": 0.0, "cache-hits": 12528898, "cache-misses": 2445216, "l1d-hits": 633673496, "l1d-misses": 41758158, "ll-read-hits": 11443502, "ll-read-misses": 2824759, "ll-write-hits": 11443502, "ll-write-misses": 2824759}, {"method": "BFDC", "scans": 4.138706654170572, "cache-hits": 119483, "cache-misses": 9128, "l1d-hits": 2455093, "l1d-misses": 208002, "ll-read-hits": 117721, "ll-read-misses": 3800, "ll-write-hits": 117721, "ll-write-misses": 3800}, {"method": "CRA", "scans": 186.5151515151515, "cache-hits": 5416604, "cache-misses": 1413043, "l1d-hits": 195915591, "l1d-misses": 8959888, "ll-read-hits": 5490209, "ll-read-misses": 1016685, "ll-write-hits": 5490209, "ll-write-misses": 1016685}]}