{"instance": "grid-25", "num-variables": 25601, "num-constraints": 153294, "num-var-disjunct": 20480, "max-disjunct": 10, "sum-disjunct": 204800, "values": [{"method": "RULT", "scans": 10.755487852511523, "cache-hits": 391605, "cache-misses": 622449, "l1d-hits": 31098293, "l1d-misses": 2298397, "ll-read-hits": 369260, "ll-read-misses": 619452, "ll-write-hits": 369260, "ll-write-misses": 619452}, {"method": "ILP", "scans": 0.0, "cache-hits": 41376900, "cache-misses": 20231405, "l1d-hits": 2203964106, "l1d-misses": 144820919, "ll-read-hits": 43676713, "ll-read-misses": 12190606, "ll-write-hits": 43676713, "ll-write-misses": 12190606}, {"method": "BFDC", "scans": 5.169713303648153, "cache-hits": 801137, "cache-misses": 15316, "l1d-hits": 12322723, "l1d-misses": 1121758, "ll-read-hits": 780947, "ll-read-misses": 95, "ll-write-hits": 780947, "ll-write-misses": 95}, {"method": "CRA", "scans": 107.15819076634638, "cache-hits": 16572760, "cache-misses": 313976, "l1d-hits": 459189628, "l1d-misses": 22523384, "ll-read-hits": 16162647, "ll-read-misses": 21004, "ll-write-hits": 16162647, "ll-write-misses": 21004}]}