{"instance": "grid-17", "num-variables": 3201, "num-constraints": 19173, "num-var-disjunct": 2560, "max-disjunct": 10, "sum-disjunct": 25600, "values": [{"method": "RULT", "scans": 9.058713304184884, "cache-hits": 36749, "cache-misses": 57402, "l1d-hits": 3196777, "l1d-misses": 254839, "ll-read-hits": 41319, "ll-read-misses": 49750, "ll-write-hits": 41319, "ll-write-misses": 49750}, {"method": "ILP", "scans": 0.0, "cache-hits": 3688743, "cache-misses": 1057055, "l1d-hits": 252999770, "l1d-misses": 16321574, "ll-read-hits": 3233433, "ll-read-misses": 462113, "ll-write-hits": 3233433, "ll-write-misses": 462113}, {"method": "BFDC", "scans": 3.551530293566521, "cache-hits": 46139, "cache-misses": 323, "l1d-hits": 1045304, "l1d-misses": 83911, "ll-read-hits": 44520, "ll-read-misses": 11, "ll-write-hits": 44520, "ll-write-misses": 11}, {"method": "CRA", "scans": 59.829169269206744, "cache-hits": 1028685, "cache-misses": 31337, "l1d-hits": 30357467, "l1d-misses": 1366214, "ll-read-hits": 1002508, "ll-read-misses": 2443, "ll-write-hits": 1002508, "ll-write-misses": 2443}]}