{"instance": "grid-27", "num-variables": 25601, "num-constraints": 153277, "num-var-disjunct": 20480, "max-disjunct": 10, "sum-disjunct": 204800, "values": [{"method": "RULT", "scans": 9.5146863526287, "cache-hits": 381591, "cache-misses": 521015, "l1d-hits": 27122506, "l1d-misses": 2137654, "ll-read-hits": 368577, "ll-read-misses": 501807, "ll-write-hits": 368577, "ll-write-misses": 501807}, {"method": "ILP", "scans": 0.0, "cache-hits": 41298752, "cache-misses": 21585734, "l1d-hits": 2214102043, "l1d-misses": 145241056, "ll-read-hits": 41199506, "ll-read-misses": 17279870, "ll-write-hits": 41199506, "ll-write-misses": 17279870}, {"method": "BFDC", "scans": 5.058159518787595, "cache-hits": 736268, "cache-misses": 77656, "l1d-hits": 12053903, "l1d-misses": 1103083, "ll-read-hits": 755309, "ll-read-misses": 17126, "ll-write-hits": 755309, "ll-write-misses": 17126}, {"method": "CRA", "scans": 87.86544019998438, "cache-hits": 11751985, "cache-misses": 2348523, "l1d-hits": 378069750, "l1d-misses": 18615691, "ll-read-hits": 12323973, "ll-read-misses": 1141901, "ll-write-hits": 12323973, "ll-write-misses": 1141901}]}