{"instance": "grid-24", "num-variables": 12801, "num-constraints": 76640, "num-var-disjunct": 10240, "max-disjunct": 10, "sum-disjunct": 102400, "values": [{"method": "RULT", "scans": 11.572332448054992, "cache-hits": 245984, "cache-misses": 220601, "l1d-hits": 16445261, "l1d-misses": 1207610, "ll-read-hits": 224800, "ll-read-misses": 233230, "ll-write-hits": 224800, "ll-write-misses": 233230}, {"method": "ILP", "scans": 0.0, "cache-hits": 24334457, "cache-misses": 7717480, "l1d-hits": 1185228721, "l1d-misses": 85878977, "ll-read-hits": 23102307, "ll-read-misses": 7012062, "ll-write-hits": 23102307, "ll-write-misses": 7012062}, {"method": "BFDC", "scans": 5.7670676456803625, "cache-hits": 370761, "cache-misses": 51012, "l1d-hits": 6851647, "l1d-misses": 615687, "ll-read-hits": 391326, "ll-read-misses": 10775, "ll-write-hits": 391326, "ll-write-misses": 10775}, {"method": "CRA", "scans": 53.62021559131386, "cache-hits": 1231052, "cache-misses": 2913107, "l1d-hits": 109638047, "l1d-misses": 5445329, "ll-read-hits": 1981545, "ll-read-misses": 1966021, "ll-write-hits": 1981545, "ll-write-misses": 1966021}]}