{"instance": "grid-19", "num-variables": 6401, "num-constraints": 38320, "num-var-disjunct": 5120, "max-disjunct": 10, "sum-disjunct": 51200, "values": [{"method": "RULT", "scans": 8.941736957200876, "cache-hits": 175504, "cache-misses": 10707, "l1d-hits": 6590824, "l1d-misses": 489294, "ll-read-hits": 181242, "ll-read-misses": 270, "ll-write-hits": 181242, "ll-write-misses": 270}, {"method": "ILP", "scans": 0.0, "cache-hits": 7926221, "cache-misses": 1860131, "l1d-hits": 499168265, "l1d-misses": 31809036, "ll-read-hits": 7169824, "ll-read-misses": 2257358, "ll-write-hits": 7169824, "ll-write-misses": 2257358}, {"method": "BFDC", "scans": 3.5246797875663853, "cache-hits": 92952, "cache-misses": 16369, "l1d-hits": 2073346, "l1d-misses": 176107, "ll-read-hits": 96799, "ll-read-misses": 6655, "ll-write-hits": 96799, "ll-write-misses": 6655}, {"method": "CRA", "scans": 34.328022492970945, "cache-hits": 947488, "cache-misses": 344882, "l1d-hits": 34148035, "l1d-misses": 1695940, "ll-read-hits": 963445, "ll-read-misses": 265128, "ll-write-hits": 963445, "ll-write-misses": 265128}]}