{"instance": "grid-13", "num-variables": 1601, "num-constraints": 9581, "num-var-disjunct": 1280, "max-disjunct": 10, "sum-disjunct": 12800, "values": [{"method": "RULT", "scans": 8.863920099875156, "cache-hits": 31781, "cache-misses": 6966, "l1d-hits": 1536692, "l1d-misses": 118436, "ll-read-hits": 36539, "ll-read-misses": 51, "ll-write-hits": 36539, "ll-write-misses": 51}, {"method": "ILP", "scans": 0.0, "cache-hits": 2176428, "cache-misses": 310875, "l1d-hits": 145686568, "l1d-misses": 8553958, "ll-read-hits": 1907459, "ll-read-misses": 246881, "ll-write-hits": 1907459, "ll-write-misses": 246881}, {"method": "BFDC", "scans": 3.5461922596754056, "cache-hits": 18614, "cache-misses": 91, "l1d-hits": 511393, "l1d-misses": 41798, "ll-read-hits": 17602, "ll-read-misses": 1, "ll-write-hits": 17602, "ll-write-misses": 1}, {"method": "CRA", "scans": 23.364544319600498, "cache-hits": 190853, "cache-misses": 4644, "l1d-hits": 5301168, "l1d-misses": 250564, "ll-read-hits": 186961, "ll-read-misses": 668, "ll-write-hits": 186961, "ll-write-misses": 668}]}