{"instance": "grid-26", "num-variables": 25601, "num-constraints": 153298, "num-var-disjunct": 20480, "max-disjunct": 10, "sum-disjunct": 204800, "values": [{"method": "RULT", "scans": 12.454300445277713, "cache-hits": 440247, "cache-misses": 788708, "l1d-hits": 36487822, "l1d-misses": 2776353, "ll-read-hits": 416226, "ll-read-misses": 778299, "ll-write-hits": 416226, "ll-write-misses": 778299}, {"method": "ILP", "scans": 0.0, "cache-hits": 41923108, "cache-misses": 20122765, "l1d-hits": 2196363438, "l1d-misses": 143706415, "ll-read-hits": 40862754, "ll-read-misses": 17825011, "ll-write-hits": 40862754, "ll-write-misses": 17825011}, {"method": "BFDC", "scans": 4.881493633309898, "cache-hits": 497190, "cache-misses": 278726, "l1d-hits": 11677604, "l1d-misses": 1066761, "ll-read-hits": 549247, "ll-read-misses": 190621, "ll-write-hits": 549247, "ll-write-misses": 190621}, {"method": "CRA", "scans": 160.131825638622, "cache-hits": 9412171, "cache-misses": 16306218, "l1d-hits": 686090000, "l1d-misses": 33448418, "ll-read-hits": 23707176, "ll-read-misses": 634647, "ll-write-hits": 23707176, "ll-write-misses": 634647}]}