{"instance": "seq-42", "num-variables": 12800, "num-constraints": 76800, "num-var-disjunct": 10240, "max-disjunct": 10, "sum-disjunct": 102400, "values": [{"method": "RULT", "scans": 0.22459182876337785, "cache-hits": 2001, "cache-misses": 1254, "l1d-hits": 329932, "l1d-misses": 26529, "ll-read-hits": 751, "ll-read-misses": 1007, "ll-write-hits": 751, "ll-write-misses": 1007}, {"method": "ILP", "scans": 0.0, "cache-hits": 7257345, "cache-misses": 4224506, "l1d-hits": 449091610, "l1d-misses": 20038917, "ll-read-hits": 6486641, "ll-read-misses": 3843946, "ll-write-hits": 6486641, "ll-write-misses": 3843946}, {"method": "BFDC", "scans": 0.24294976954925396, "cache-hits": 9041, "cache-misses": 7159, "l1d-hits": 450571, "l1d-misses": 42517, "ll-read-hits": 12591, "ll-read-misses": 64, "ll-write-hits": 12591, "ll-write-misses": 64}, {"method": "CRA", "scans": 0.05288649324271541, "cache-hits": 8402, "cache-misses": 15256, "l1d-hits": 259723, "l1d-misses": 35314, "ll-read-hits": 20430, "ll-read-misses": 27, "ll-write-hits": 20430, "ll-write-misses": 27}]}