{"instance": "seq-41", "num-variables": 6400, "num-constraints": 38400, "num-var-disjunct": 5120, "max-disjunct": 10, "sum-disjunct": 51200, "values": [{"method": "RULT", "scans": 1.3215122637087955, "cache-hits": 12998, "cache-misses": 1715, "l1d-hits": 536071, "l1d-misses": 61840, "ll-read-hits": 12152, "ll-read-misses": 93, "ll-write-hits": 12152, "ll-write-misses": 93}, {"method": "ILP", "scans": 0.0, "cache-hits": 3647861, "cache-misses": 1381355, "l1d-hits": 225629035, "l1d-misses": 9842870, "ll-read-hits": 2894999, "ll-read-misses": 1681948, "ll-write-hits": 2894999, "ll-write-misses": 1681948}, {"method": "BFDC", "scans": 1.8633026089673488, "cache-hits": 68630, "cache-misses": 2250, "l1d-hits": 1091039, "l1d-misses": 153204, "ll-read-hits": 62121, "ll-read-misses": 39, "ll-write-hits": 62121, "ll-write-misses": 39}, {"method": "CRA", "scans": 1.0759256366192782, "cache-hits": 26824, "cache-misses": 30355, "l1d-hits": 445619, "l1d-misses": 92445, "ll-read-hits": 51697, "ll-read-misses": 250, "ll-write-hits": 51697, "ll-write-misses": 250}]}