{"instance": "seq-40", "num-variables": 6400, "num-constraints": 38400, "num-var-disjunct": 5120, "max-disjunct": 10, "sum-disjunct": 51200, "values": [{"method": "RULT", "scans": 1.3458834557100452, "cache-hits": 13722, "cache-misses": 1343, "l1d-hits": 545627, "l1d-misses": 63617, "ll-read-hits": 12943, "ll-read-misses": 47, "ll-write-hits": 12943, "ll-write-misses": 47}, {"method": "ILP", "scans": 0.0, "cache-hits": 3689929, "cache-misses": 1349691, "l1d-hits": 226384404, "l1d-misses": 9834996, "ll-read-hits": 2918065, "ll-read-misses": 1656131, "ll-write-hits": 2918065, "ll-write-misses": 1656131}, {"method": "BFDC", "scans": 1.9126698953288548, "cache-hits": 69314, "cache-misses": 1100, "l1d-hits": 1119376, "l1d-misses": 158118, "ll-read-hits": 63221, "ll-read-misses": 110, "ll-write-hits": 63221, "ll-write-misses": 110}, {"method": "CRA", "scans": 1.1004530542102797, "cache-hits": 27636, "cache-misses": 30692, "l1d-hits": 454652, "l1d-misses": 94774, "ll-read-hits": 52849, "ll-read-misses": 244, "ll-write-hits": 52849, "ll-write-misses": 244}]}