{"instance": "seq-43", "num-variables": 12800, "num-constraints": 76800, "num-var-disjunct": 10240, "max-disjunct": 10, "sum-disjunct": 102400, "values": [{"method": "RULT", "scans": 1.1039762518553238, "cache-hits": 20211, "cache-misses": 2306, "l1d-hits": 905589, "l1d-misses": 120489, "ll-read-hits": 15618, "ll-read-misses": 35, "ll-write-hits": 15618, "ll-write-misses": 35}, {"method": "ILP", "scans": 0.0, "cache-hits": 8190639, "cache-misses": 3014649, "l1d-hits": 447978422, "l1d-misses": 19842882, "ll-read-hits": 6595156, "ll-read-misses": 3750520, "ll-write-hits": 6595156, "ll-write-misses": 3750520}, {"method": "BFDC", "scans": 1.4908210296070619, "cache-hits": 81016, "cache-misses": 38686, "l1d-hits": 1809492, "l1d-misses": 246288, "ll-read-hits": 92629, "ll-read-misses": 11586, "ll-write-hits": 92629, "ll-write-misses": 11586}, {"method": "CRA", "scans": 0.6991641278025155, "cache-hits": 39506, "cache-misses": 49008, "l1d-hits": 637785, "l1d-misses": 145828, "ll-read-hits": 78352, "ll-read-misses": 327, "ll-write-hits": 78352, "ll-write-misses": 327}]}