{"instance": "seq-45", "num-variables": 25600, "num-constraints": 153600, "num-var-disjunct": 20480, "max-disjunct": 10, "sum-disjunct": 204800, "values": [{"method": "RULT", "scans": 1.0739424241240576, "cache-hits": 60336, "cache-misses": 16939, "l1d-hits": 1737276, "l1d-misses": 267243, "ll-read-hits": 44043, "ll-read-misses": 11589, "ll-write-hits": 44043, "ll-write-misses": 11589}, {"method": "ILP", "scans": 0.0, "cache-hits": 15285018, "cache-misses": 9661558, "l1d-hits": 895742424, "l1d-misses": 40952461, "ll-read-hits": 14450678, "ll-read-misses": 8298550, "ll-write-hits": 14450678, "ll-write-misses": 8298550}, {"method": "BFDC", "scans": 1.4374047888754347, "cache-hits": 272804, "cache-misses": 23966, "l1d-hits": 3495444, "l1d-misses": 509873, "ll-read-hits": 263915, "ll-read-misses": 215, "ll-write-hits": 263915, "ll-write-misses": 215}, {"method": "CRA", "scans": 0.7561032772157338, "cache-hits": 119831, "cache-misses": 105375, "l1d-hits": 1314136, "l1d-misses": 340602, "ll-read-hits": 201821, "ll-read-misses": 1325, "ll-write-hits": 201821, "ll-write-misses": 1325}]}