{"instance": "seq-44", "num-variables": 25600, "num-constraints": 153600, "num-var-disjunct": 20480, "max-disjunct": 10, "sum-disjunct": 204800, "values": [{"method": "RULT", "scans": 0.7128237178235225, "cache-hits": 27037, "cache-misses": 12521, "l1d-hits": 1278231, "l1d-misses": 167144, "ll-read-hits": 14470, "ll-read-misses": 10171, "ll-write-hits": 14470, "ll-write-misses": 10171}, {"method": "ILP", "scans": 0.0, "cache-hits": 14881792, "cache-misses": 9836471, "l1d-hits": 899400632, "l1d-misses": 40731619, "ll-read-hits": 14374942, "ll-read-misses": 8171758, "ll-write-hits": 14374942, "ll-write-misses": 8171758}, {"method": "BFDC", "scans": 0.8662942853794774, "cache-hits": 132055, "cache-misses": 16890, "l1d-hits": 2269271, "l1d-misses": 276468, "ll-read-hits": 129132, "ll-read-misses": 67, "ll-write-hits": 129132, "ll-write-misses": 67}, {"method": "CRA", "scans": 0.5402132729190267, "cache-hits": 94098, "cache-misses": 83032, "l1d-hits": 1065004, "l1d-misses": 258548, "ll-read-hits": 159173, "ll-read-misses": 611, "ll-write-hits": 159173, "ll-write-misses": 611}]}