{"instance": "nc-103", "num-variables": 12800, "num-constraints": 108802, "num-var-disjunct": 10240, "max-disjunct": 10, "sum-disjunct": 102400, "values": [{"method": "RULT", "scans": 0.023435669088352474, "cache-hits": 783, "cache-misses": 927, "l1d-hits": 204688, "l1d-misses": 8483, "ll-read-hits": 375, "ll-read-misses": 323, "ll-write-hits": 375, "ll-write-misses": 323}, {"method": "ILP", "scans": 0.0, "cache-hits": 7369468, "cache-misses": 5693650, "l1d-hits": 472894446, "l1d-misses": 21736073, "ll-read-hits": 6585449, "ll-read-misses": 5292407, "ll-write-hits": 6585449, "ll-write-misses": 5292407}, {"method": "BFDC", "scans": 0.026326068275915944, "cache-hits": 1377, "cache-misses": 1904, "l1d-hits": 217771, "l1d-misses": 10478, "ll-read-hits": 2320, "ll-read-misses": 110, "ll-write-hits": 2320, "ll-write-misses": 110}, {"method": "CRA", "scans": 0.0001562377939223498, "cache-hits": 4963, "cache-misses": 12923, "l1d-hits": 229972, "l1d-misses": 26233, "ll-read-hits": 14929, "ll-read-misses": 1, "ll-write-hits": 14929, "ll-write-misses": 1}]}