{"instance": "nc-106", "num-variables": 25600, "num-constraints": 217602, "num-var-disjunct": 20480, "max-disjunct": 10, "sum-disjunct": 204800, "values": [{"method": "RULT", "scans": 0.0208585602124917, "cache-hits": 2633, "cache-misses": 1523, "l1d-hits": 404444, "l1d-misses": 17145, "ll-read-hits": 1483, "ll-read-misses": 913, "ll-write-hits": 1483, "ll-write-misses": 913}, {"method": "ILP", "scans": 0.0, "cache-hits": 15289102, "cache-misses": 12852937, "l1d-hits": 945843181, "l1d-misses": 44563989, "ll-read-hits": 14450746, "ll-read-misses": 11122422, "ll-write-hits": 14450746, "ll-write-misses": 11122422}, {"method": "BFDC", "scans": 0.024295925940392954, "cache-hits": 3288, "cache-misses": 3367, "l1d-hits": 429736, "l1d-misses": 20647, "ll-read-hits": 4742, "ll-read-misses": 114, "ll-write-hits": 4742, "ll-write-misses": 114}, {"method": "CRA", "scans": 0.00019530487090348034, "cache-hits": 9416, "cache-misses": 25965, "l1d-hits": 459857, "l1d-misses": 52591, "ll-read-hits": 29703, "ll-read-misses": 11, "ll-write-hits": 29703, "ll-write-misses": 11}]}