{"instance": "nc-105", "num-variables": 12800, "num-constraints": 108802, "num-var-disjunct": 10240, "max-disjunct": 10, "sum-disjunct": 102400, "values": [{"method": "RULT", "scans": 0.03679400046871338, "cache-hits": 769, "cache-misses": 960, "l1d-hits": 214991, "l1d-misses": 10423, "ll-read-hits": 406, "ll-read-misses": 89, "ll-write-hits": 406, "ll-write-misses": 89}, {"method": "ILP", "scans": 0.0, "cache-hits": 9031849, "cache-misses": 4957643, "l1d-hits": 482156382, "l1d-misses": 22931669, "ll-read-hits": 7485107, "ll-read-misses": 5265395, "ll-write-hits": 7485107, "ll-write-misses": 5265395}, {"method": "BFDC", "scans": 0.037497070541363954, "cache-hits": 1633, "cache-misses": 2277, "l1d-hits": 232296, "l1d-misses": 13043, "ll-read-hits": 1629, "ll-read-misses": 1119, "ll-write-hits": 1629, "ll-write-misses": 1119}, {"method": "CRA", "scans": 0.0005468322787282243, "cache-hits": 5288, "cache-misses": 12846, "l1d-hits": 230160, "l1d-misses": 26339, "ll-read-hits": 15224, "ll-read-misses": 2, "ll-write-hits": 15224, "ll-write-misses": 2}]}