{"instance": "nc-108", "num-variables": 25600, "num-constraints": 217602, "num-var-disjunct": 20480, "max-disjunct": 10, "sum-disjunct": 204800, "values": [{"method": "RULT", "scans": 0.028045779461739775, "cache-hits": 2979, "cache-misses": 1598, "l1d-hits": 414754, "l1d-misses": 19810, "ll-read-hits": 1686, "ll-read-misses": 929, "ll-write-hits": 1686, "ll-write-misses": 929}, {"method": "ILP", "scans": 0.0, "cache-hits": 20508055, "cache-misses": 9508828, "l1d-hits": 958943566, "l1d-misses": 47474996, "ll-read-hits": 17888835, "ll-read-misses": 9668395, "ll-write-hits": 17888835, "ll-write-misses": 9668395}, {"method": "BFDC", "scans": 0.02828014530682395, "cache-hits": 5346, "cache-misses": 1989, "l1d-hits": 440889, "l1d-misses": 23422, "ll-read-hits": 5566, "ll-read-misses": 8, "ll-write-hits": 5566, "ll-write-misses": 8}, {"method": "CRA", "scans": 7.812194836139214e-05, "cache-hits": 9714, "cache-misses": 25170, "l1d-hits": 459669, "l1d-misses": 52543, "ll-read-hits": 29611, "ll-read-misses": 1, "ll-write-hits": 29611, "ll-write-misses": 1}]}