{"instance": "nc-107", "num-variables": 25600, "num-constraints": 217602, "num-var-disjunct": 20480, "max-disjunct": 10, "sum-disjunct": 204800, "values": [{"method": "RULT", "scans": 0.017811804226397405, "cache-hits": 2515, "cache-misses": 1338, "l1d-hits": 399800, "l1d-misses": 16329, "ll-read-hits": 1383, "ll-read-misses": 815, "ll-write-hits": 1383, "ll-write-misses": 815}, {"method": "ILP", "scans": 0.0, "cache-hits": 15340898, "cache-misses": 12905236, "l1d-hits": 949500465, "l1d-misses": 44578507, "ll-read-hits": 14390571, "ll-read-misses": 11322633, "ll-write-hits": 14390571, "ll-write-misses": 11322633}, {"method": "BFDC", "scans": 0.020663255341588218, "cache-hits": 3096, "cache-misses": 2839, "l1d-hits": 421414, "l1d-misses": 19320, "ll-read-hits": 4389, "ll-read-misses": 20, "ll-write-hits": 4389, "ll-write-misses": 20}, {"method": "CRA", "scans": 0.0003515487676262646, "cache-hits": 10173, "cache-misses": 25490, "l1d-hits": 459925, "l1d-misses": 52693, "ll-read-hits": 29774, "ll-read-misses": 21, "ll-write-hits": 29774, "ll-write-misses": 21}]}