{"instance": "nc-104", "num-variables": 12800, "num-constraints": 108802, "num-var-disjunct": 10240, "max-disjunct": 10, "sum-disjunct": 102400, "values": [{"method": "RULT", "scans": 0.013827044762127958, "cache-hits": 877, "cache-misses": 712, "l1d-hits": 197371, "l1d-misses": 7460, "ll-read-hits": 323, "ll-read-misses": 391, "ll-write-hits": 323, "ll-write-misses": 391}, {"method": "ILP", "scans": 0.0, "cache-hits": 7452076, "cache-misses": 5721285, "l1d-hits": 475298911, "l1d-misses": 21793516, "ll-read-hits": 6694202, "ll-read-misses": 5217803, "ll-write-hits": 6694202, "ll-write-misses": 5217803}, {"method": "BFDC", "scans": 0.015701898289196155, "cache-hits": 1151, "cache-misses": 1297, "l1d-hits": 205243, "l1d-misses": 8624, "ll-read-hits": 1442, "ll-read-misses": 79, "ll-write-hits": 1442, "ll-write-misses": 79}, {"method": "CRA", "scans": 0.00046871338176704945, "cache-hits": 5006, "cache-misses": 12358, "l1d-hits": 230249, "l1d-misses": 26286, "ll-read-hits": 14878, "ll-read-misses": 1, "ll-write-hits": 14878, "ll-write-misses": 1}]}