{"instance": "nc-25", "num-variables": 25600, "num-constraints": 204803, "num-var-disjunct": 20480, "max-disjunct": 10, "sum-disjunct": 204800, "values": [{"method": "RULT", "scans": 0.39084410765204486, "cache-hits": 17079, "cache-misses": 8982, "l1d-hits": 948965, "l1d-misses": 109747, "ll-read-hits": 8294, "ll-read-misses": 7912, "ll-write-hits": 8294, "ll-write-misses": 7912}, {"method": "ILP", "scans": 0.0, "cache-hits": 15769103, "cache-misses": 11306600, "l1d-hits": 938964469, "l1d-misses": 43771152, "ll-read-hits": 15664463, "ll-read-misses": 8979145, "ll-write-hits": 15664463, "ll-write-misses": 8979145}, {"method": "BFDC", "scans": 0.49923831100347643, "cache-hits": 71173, "cache-misses": 19371, "l1d-hits": 1528546, "l1d-misses": 174613, "ll-read-hits": 77303, "ll-read-misses": 97, "ll-write-hits": 77303, "ll-write-misses": 97}, {"method": "CRA", "scans": 0.14858794578336784, "cache-hits": 37486, "cache-misses": 44033, "l1d-hits": 658483, "l1d-misses": 119332, "ll-read-hits": 71754, "ll-read-misses": 163, "ll-write-hits": 71754, "ll-write-misses": 163}]}