{"instance": "nc-20", "num-variables": 6400, "num-constraints": 51203, "num-var-disjunct": 5120, "max-disjunct": 10, "sum-disjunct": 51200, "values": [{"method": "RULT", "scans": 0.6473988439306358, "cache-hits": 1381, "cache-misses": 1061, "l1d-hits": 345225, "l1d-misses": 27669, "ll-read-hits": 901, "ll-read-misses": 157, "ll-write-hits": 901, "ll-write-misses": 157}, {"method": "ILP", "scans": 0.0, "cache-hits": 3792097, "cache-misses": 1722700, "l1d-hits": 235544264, "l1d-misses": 10351041, "ll-read-hits": 3128085, "ll-read-misses": 1830108, "ll-write-hits": 3128085, "ll-write-misses": 1830108}, {"method": "BFDC", "scans": 0.8400249960943602, "cache-hits": 11896, "cache-misses": 6494, "l1d-hits": 582364, "l1d-misses": 58822, "ll-read-hits": 14218, "ll-read-misses": 27, "ll-write-hits": 14218, "ll-write-misses": 27}, {"method": "CRA", "scans": 0.46977034838306514, "cache-hits": 12344, "cache-misses": 19973, "l1d-hits": 280805, "l1d-misses": 51363, "ll-read-hits": 29173, "ll-read-misses": 103, "ll-write-hits": 29173, "ll-write-misses": 103}]}