{"instance": "nc-24", "num-variables": 12800, "num-constraints": 102403, "num-var-disjunct": 10240, "max-disjunct": 10, "sum-disjunct": 102400, "values": [{"method": "RULT", "scans": 1.3820014061401453, "cache-hits": 47239, "cache-misses": 3519, "l1d-hits": 1197057, "l1d-misses": 197672, "ll-read-hits": 38940, "ll-read-misses": 1888, "ll-write-hits": 38940, "ll-write-misses": 1888}, {"method": "ILP", "scans": 0.0, "cache-hits": 8732605, "cache-misses": 4862225, "l1d-hits": 479292811, "l1d-misses": 22686928, "ll-read-hits": 7187520, "ll-read-misses": 5181882, "ll-write-hits": 7187520, "ll-write-misses": 5181882}, {"method": "BFDC", "scans": 2.0074994141082727, "cache-hits": 155564, "cache-misses": 67620, "l1d-hits": 2413242, "l1d-misses": 420786, "ll-read-hits": 171826, "ll-read-misses": 28958, "ll-write-hits": 171826, "ll-write-misses": 28958}, {"method": "CRA", "scans": 0.5921412389657058, "cache-hits": 38534, "cache-misses": 47830, "l1d-hits": 629611, "l1d-misses": 147046, "ll-read-hits": 76749, "ll-read-misses": 301, "ll-write-hits": 76749, "ll-write-misses": 301}]}