{"instance": "nc-27", "num-variables": 25600, "num-constraints": 204803, "num-var-disjunct": 20480, "max-disjunct": 10, "sum-disjunct": 204800, "values": [{"method": "RULT", "scans": 1.8697707120815592, "cache-hits": 245890, "cache-misses": 21065, "l1d-hits": 2979689, "l1d-misses": 672332, "ll-read-hits": 211647, "ll-read-misses": 14136, "ll-write-hits": 211647, "ll-write-misses": 14136}, {"method": "ILP", "scans": 0.0, "cache-hits": 17269966, "cache-misses": 12051907, "l1d-hits": 951519577, "l1d-misses": 46367883, "ll-read-hits": 15195001, "ll-read-misses": 11646418, "ll-write-hits": 15195001, "ll-write-misses": 11646418}, {"method": "BFDC", "scans": 2.7994609585563066, "cache-hits": 847766, "cache-misses": 42085, "l1d-hits": 6365407, "l1d-misses": 1361077, "ll-read-hits": 822704, "ll-read-misses": 209, "ll-write-hits": 822704, "ll-write-misses": 209}, {"method": "CRA", "scans": 0.27159095347837975, "cache-hits": 57248, "cache-misses": 59018, "l1d-hits": 812017, "l1d-misses": 178791, "ll-read-hits": 103108, "ll-read-misses": 211, "ll-write-hits": 103108, "ll-write-misses": 211}]}