{"instance": "nc-23", "num-variables": 12800, "num-constraints": 102403, "num-var-disjunct": 10240, "max-disjunct": 10, "sum-disjunct": 102400, "values": [{"method": "RULT", "scans": 1.299742207640028, "cache-hits": 34225, "cache-misses": 3341, "l1d-hits": 1146589, "l1d-misses": 165999, "ll-read-hits": 28792, "ll-read-misses": 366, "ll-write-hits": 28792, "ll-write-misses": 366}, {"method": "ILP", "scans": 0.0, "cache-hits": 8600395, "cache-misses": 3884919, "l1d-hits": 468177420, "l1d-misses": 21046033, "ll-read-hits": 6975126, "ll-read-misses": 4231132, "ll-write-hits": 6975126, "ll-write-misses": 4231132}, {"method": "BFDC", "scans": 1.88961799859386, "cache-hits": 169988, "cache-misses": 32535, "l1d-hits": 2298088, "l1d-misses": 351416, "ll-read-hits": 180600, "ll-read-misses": 2984, "ll-write-hits": 180600, "ll-write-misses": 2984}, {"method": "CRA", "scans": 0.2711506913522381, "cache-hits": 20516, "cache-misses": 28556, "l1d-hits": 412407, "l1d-misses": 78411, "ll-read-hits": 43635, "ll-read-misses": 132, "ll-write-hits": 43635, "ll-write-misses": 132}]}