{"instance": "nc-21", "num-variables": 6400, "num-constraints": 51203, "num-var-disjunct": 5120, "max-disjunct": 10, "sum-disjunct": 51200, "values": [{"method": "RULT", "scans": 0.9798468989220435, "cache-hits": 2216, "cache-misses": 1967, "l1d-hits": 475577, "l1d-misses": 43554, "ll-read-hits": 2062, "ll-read-misses": 123, "ll-write-hits": 2062, "ll-write-misses": 123}, {"method": "ILP", "scans": 0.0, "cache-hits": 4374838, "cache-misses": 1557298, "l1d-hits": 237716759, "l1d-misses": 10869961, "ll-read-hits": 3467416, "ll-read-misses": 1938005, "ll-write-hits": 3467416, "ll-write-misses": 1938005}, {"method": "BFDC", "scans": 1.2858928292454304, "cache-hits": 23719, "cache-misses": 5537, "l1d-hits": 852768, "l1d-misses": 94388, "ll-read-hits": 23247, "ll-read-misses": 37, "ll-write-hits": 23247, "ll-write-misses": 37}, {"method": "CRA", "scans": 0.2019996875488205, "cache-hits": 7026, "cache-misses": 12391, "l1d-hits": 185213, "l1d-misses": 30436, "ll-read-hits": 17129, "ll-read-misses": 40, "ll-write-hits": 17129, "ll-write-misses": 40}]}