{"instance": "nc-26", "num-variables": 25600, "num-constraints": 204803, "num-var-disjunct": 20480, "max-disjunct": 10, "sum-disjunct": 204800, "values": [{"method": "RULT", "scans": 0.4038904730283973, "cache-hits": 17049, "cache-misses": 8718, "l1d-hits": 964609, "l1d-misses": 112185, "ll-read-hits": 8493, "ll-read-misses": 7869, "ll-write-hits": 8493, "ll-write-misses": 7869}, {"method": "ILP", "scans": 0.0, "cache-hits": 16186158, "cache-misses": 10794911, "l1d-hits": 941574358, "l1d-misses": 43820180, "ll-read-hits": 13626073, "ll-read-misses": 11057910, "ll-write-hits": 13626073, "ll-write-misses": 11057910}, {"method": "BFDC", "scans": 0.5163079567204406, "cache-hits": 46182, "cache-misses": 43965, "l1d-hits": 1564483, "l1d-misses": 178517, "ll-read-hits": 69695, "ll-read-misses": 6223, "ll-write-hits": 69695, "ll-write-misses": 6223}, {"method": "CRA", "scans": 0.38982852232334675, "cache-hits": 79970, "cache-misses": 73035, "l1d-hits": 977344, "l1d-misses": 222865, "ll-read-hits": 136241, "ll-read-misses": 2085, "ll-write-hits": 136241, "ll-write-misses": 2085}]}