{"instance": "nc-22", "num-variables": 12800, "num-constraints": 102403, "num-var-disjunct": 10240, "max-disjunct": 10, "sum-disjunct": 102400, "values": [{"method": "RULT", "scans": 0.297008046246387, "cache-hits": 2411, "cache-misses": 1493, "l1d-hits": 409630, "l1d-misses": 37271, "ll-read-hits": 879, "ll-read-misses": 812, "ll-write-hits": 879, "ll-write-misses": 812}, {"method": "ILP", "scans": 0.0, "cache-hits": 7754609, "cache-misses": 4823510, "l1d-hits": 470438249, "l1d-misses": 21371198, "ll-read-hits": 6352948, "ll-read-misses": 5053011, "ll-write-hits": 6352948, "ll-write-misses": 5053011}, {"method": "BFDC", "scans": 0.3648152488086868, "cache-hits": 12719, "cache-misses": 12260, "l1d-hits": 610153, "l1d-misses": 61842, "ll-read-hits": 19582, "ll-read-misses": 132, "ll-write-hits": 19582, "ll-write-misses": 132}, {"method": "CRA", "scans": 0.2868525896414343, "cache-hits": 23376, "cache-misses": 30353, "l1d-hits": 426265, "l1d-misses": 83011, "ll-read-hits": 47357, "ll-read-misses": 125, "ll-write-hits": 47357, "ll-write-misses": 125}]}