{"instance": "nc-49", "num-variables": 12800, "num-constraints": 102739, "num-var-disjunct": 10240, "max-disjunct": 10, "sum-disjunct": 102400, "values": [{"method": "RULT", "scans": 0.05655808139989063, "cache-hits": 966, "cache-misses": 1130, "l1d-hits": 228552, "l1d-misses": 11788, "ll-read-hits": 535, "ll-read-misses": 130, "ll-write-hits": 535, "ll-write-misses": 130}, {"method": "ILP", "scans": 0.0, "cache-hits": 8130777, "cache-misses": 4357527, "l1d-hits": 467341292, "l1d-misses": 21003534, "ll-read-hits": 6487970, "ll-read-misses": 4822564, "ll-write-hits": 6487970, "ll-write-misses": 4822564}, {"method": "BFDC", "scans": 0.06460432778689165, "cache-hits": 2484, "cache-misses": 3071, "l1d-hits": 261128, "l1d-misses": 16911, "ll-read-hits": 3978, "ll-read-misses": 11, "ll-write-hits": 3978, "ll-write-misses": 11}, {"method": "CRA", "scans": 0.003515350363252871, "cache-hits": 5541, "cache-misses": 12513, "l1d-hits": 232123, "l1d-misses": 26950, "ll-read-hits": 15604, "ll-read-misses": 5, "ll-write-hits": 15604, "ll-write-misses": 5}]}