{"instance": "nc-54", "num-variables": 25600, "num-constraints": 205280, "num-var-disjunct": 20480, "max-disjunct": 10, "sum-disjunct": 204800, "values": [{"method": "RULT", "scans": 0.020780438264130306, "cache-hits": 2610, "cache-misses": 1514, "l1d-hits": 402069, "l1d-misses": 17209, "ll-read-hits": 1740, "ll-read-misses": 855, "ll-write-hits": 1740, "ll-write-misses": 855}, {"method": "ILP", "scans": 0.0, "cache-hits": 17246675, "cache-misses": 11952507, "l1d-hits": 941936016, "l1d-misses": 46126444, "ll-read-hits": 15046450, "ll-read-misses": 11661047, "ll-write-hits": 15046450, "ll-write-misses": 11661047}, {"method": "BFDC", "scans": 0.021014804109214483, "cache-hits": 4396, "cache-misses": 1284, "l1d-hits": 421514, "l1d-misses": 19892, "ll-read-hits": 4428, "ll-read-misses": 5, "ll-write-hits": 4428, "ll-write-misses": 5}, {"method": "CRA", "scans": 0.0031639389086363812, "cache-hits": 10718, "cache-misses": 25404, "l1d-hits": 463572, "l1d-misses": 53842, "ll-read-hits": 30648, "ll-read-misses": 6, "ll-write-hits": 30648, "ll-write-misses": 6}]}