{"instance": "nc-51", "num-variables": 12800, "num-constraints": 102739, "num-var-disjunct": 10240, "max-disjunct": 10, "sum-disjunct": 102400, "values": [{"method": "RULT", "scans": 0.09335208186860401, "cache-hits": 1093, "cache-misses": 1224, "l1d-hits": 255457, "l1d-misses": 16712, "ll-read-hits": 532, "ll-read-misses": 173, "ll-write-hits": 532, "ll-write-misses": 173}, {"method": "ILP", "scans": 0.0, "cache-hits": 8802918, "cache-misses": 4771120, "l1d-hits": 474407616, "l1d-misses": 22528910, "ll-read-hits": 7278897, "ll-read-misses": 5093081, "ll-write-hits": 7278897, "ll-write-misses": 5093081}, {"method": "BFDC", "scans": 0.09733614561362394, "cache-hits": 6375, "cache-misses": 1109, "l1d-hits": 301638, "l1d-misses": 23516, "ll-read-hits": 5861, "ll-read-misses": 8, "ll-write-hits": 5861, "ll-write-misses": 8}, {"method": "CRA", "scans": 0.017732989610186704, "cache-hits": 6839, "cache-misses": 13730, "l1d-hits": 241553, "l1d-misses": 30096, "ll-read-hits": 17673, "ll-read-misses": 9, "ll-write-hits": 17673, "ll-write-misses": 9}]}