{"instance": "nc-50", "num-variables": 12800, "num-constraints": 102739, "num-var-disjunct": 10240, "max-disjunct": 10, "sum-disjunct": 102400, "values": [{"method": "RULT", "scans": 0.04757440824935552, "cache-hits": 853, "cache-misses": 1005, "l1d-hits": 222111, "l1d-misses": 11011, "ll-read-hits": 375, "ll-read-misses": 355, "ll-write-hits": 375, "ll-write-misses": 355}, {"method": "ILP", "scans": 0.0, "cache-hits": 8287127, "cache-misses": 4220731, "l1d-hits": 469394246, "l1d-misses": 21135823, "ll-read-hits": 6997033, "ll-read-misses": 4299856, "ll-write-hits": 6997033, "ll-write-misses": 4299856}, {"method": "BFDC", "scans": 0.05554253573939536, "cache-hits": 2068, "cache-misses": 2963, "l1d-hits": 250828, "l1d-misses": 15060, "ll-read-hits": 3894, "ll-read-misses": 8, "ll-write-hits": 3894, "ll-write-misses": 8}, {"method": "CRA", "scans": 0.0027341613936411216, "cache-hits": 5377, "cache-misses": 12666, "l1d-hits": 231591, "l1d-misses": 26706, "ll-read-hits": 15432, "ll-read-misses": 0, "ll-write-hits": 15432, "ll-write-misses": 0}]}