{"instance": "nc-53", "num-variables": 25600, "num-constraints": 205280, "num-var-disjunct": 20480, "max-disjunct": 10, "sum-disjunct": 204800, "values": [{"method": "RULT", "scans": 0.07960626538025858, "cache-hits": 4770, "cache-misses": 2558, "l1d-hits": 490030, "l1d-misses": 31755, "ll-read-hits": 2534, "ll-read-misses": 1943, "ll-write-hits": 2534, "ll-write-misses": 1943}, {"method": "ILP", "scans": 0.0, "cache-hits": 16505966, "cache-misses": 10665762, "l1d-hits": 936801447, "l1d-misses": 43572717, "ll-read-hits": 15601351, "ll-read-misses": 9004812, "ll-write-hits": 15601351, "ll-write-misses": 9004812}, {"method": "BFDC", "scans": 0.09421506972383892, "cache-hits": 14063, "cache-misses": 5438, "l1d-hits": 591550, "l1d-misses": 44440, "ll-read-hits": 15979, "ll-read-misses": 24, "ll-write-hits": 15979, "ll-write-misses": 24}, {"method": "CRA", "scans": 0.000585914612710441, "cache-hits": 9962, "cache-misses": 25147, "l1d-hits": 460292, "l1d-misses": 52852, "ll-read-hits": 30083, "ll-read-misses": 2, "ll-write-hits": 30083, "ll-write-misses": 2}]}