{"instance": "nc-52", "num-variables": 25600, "num-constraints": 205280, "num-var-disjunct": 20480, "max-disjunct": 10, "sum-disjunct": 204800, "values": [{"method": "RULT", "scans": 0.0516386078668802, "cache-hits": 3440, "cache-misses": 2086, "l1d-hits": 448173, "l1d-misses": 24492, "ll-read-hits": 1925, "ll-read-misses": 1309, "ll-write-hits": 1925, "ll-write-misses": 1309}, {"method": "ILP", "scans": 0.0, "cache-hits": 15852906, "cache-misses": 11009871, "l1d-hits": 934249498, "l1d-misses": 43517435, "ll-read-hits": 13900200, "ll-read-misses": 10734979, "ll-write-hits": 13900200, "ll-write-misses": 10734979}, {"method": "BFDC", "scans": 0.06023202218663334, "cache-hits": 6242, "cache-misses": 6824, "l1d-hits": 511250, "l1d-misses": 33475, "ll-read-hits": 10525, "ll-read-misses": 25, "ll-write-hits": 10525, "ll-write-misses": 25}, {"method": "CRA", "scans": 0.00238271942502246, "cache-hits": 10363, "cache-misses": 25753, "l1d-hits": 462813, "l1d-misses": 53613, "ll-read-hits": 30646, "ll-read-misses": 4, "ll-write-hits": 30646, "ll-write-misses": 4}]}