{"instance": "seq-25", "num-variables": 25600, "num-constraints": 153600, "num-var-disjunct": 20480, "max-disjunct": 10, "sum-disjunct": 204800, "values": [{"method": "RULT", "scans": 17.61282762392094, "cache-hits": 2153129, "cache-misses": 1031321, "l1d-hits": 44078864, "l1d-misses": 6477703, "ll-read-hits": 1890917, "ll-read-misses": 1011896, "ll-write-hits": 1890917, "ll-write-misses": 1011896}, {"method": "ILP", "scans": 0.0, "cache-hits": 69529988, "cache-misses": 27447097, "l1d-hits": 1674199148, "l1d-misses": 159733839, "ll-read-hits": 67326509, "ll-read-misses": 22009284, "ll-write-hits": 67326509, "ll-write-misses": 22009284}, {"method": "BFDC", "scans": 6.788797312604976, "cache-hits": 1871313, "cache-misses": 432549, "l1d-hits": 14160181, "l1d-misses": 3488956, "ll-read-hits": 1742862, "ll-read-misses": 404338, "ll-write-hits": 1742862, "ll-write-misses": 404338}, {"method": "CRA", "scans": 87.60853091676107, "cache-hits": 32565215, "cache-misses": 3406056, "l1d-hits": 402151783, "l1d-misses": 57965461, "ll-read-hits": 33314851, "ll-read-misses": 1683710, "ll-write-hits": 33314851, "ll-write-misses": 1683710}]}