{"instance": "seq-21", "num-variables": 6400, "num-constraints": 38400, "num-var-disjunct": 5120, "max-disjunct": 10, "sum-disjunct": 51200, "values": [{"method": "RULT", "scans": 17.605374160287454, "cache-hits": 403301, "cache-misses": 140007, "l1d-hits": 11133257, "l1d-misses": 1266381, "ll-read-hits": 357264, "ll-read-misses": 155656, "ll-write-hits": 357264, "ll-write-misses": 155656}, {"method": "ILP", "scans": 0.0, "cache-hits": 14375558, "cache-misses": 3160719, "l1d-hits": 431406936, "l1d-misses": 38868386, "ll-read-hits": 12400019, "ll-read-misses": 3601123, "ll-write-hits": 12400019, "ll-write-misses": 3601123}, {"method": "BFDC", "scans": 6.371973129198563, "cache-hits": 331877, "cache-misses": 1315, "l1d-hits": 3484671, "l1d-misses": 609120, "ll-read-hits": 306755, "ll-read-misses": 224, "ll-write-hits": 306755, "ll-write-misses": 224}, {"method": "CRA", "scans": 45.92657397281675, "cache-hits": 2248130, "cache-misses": 131982, "l1d-hits": 50061434, "l1d-misses": 5817359, "ll-read-hits": 2090280, "ll-read-misses": 183466, "ll-write-hits": 2090280, "ll-write-misses": 183466}]}