{"instance": "seq-23", "num-variables": 12800, "num-constraints": 76800, "num-var-disjunct": 10240, "max-disjunct": 10, "sum-disjunct": 102400, "values": [{"method": "RULT", "scans": 18.4533239590657, "cache-hits": 958712, "cache-misses": 382040, "l1d-hits": 23344889, "l1d-misses": 3014910, "ll-read-hits": 918787, "ll-read-misses": 306085, "ll-write-hits": 918787, "ll-write-misses": 306085}, {"method": "ILP", "scans": 0.0, "cache-hits": 34182842, "cache-misses": 7816751, "l1d-hits": 859769321, "l1d-misses": 81654126, "ll-read-hits": 29157320, "ll-read-misses": 9813673, "ll-write-hits": 29157320, "ll-write-misses": 9813673}, {"method": "BFDC", "scans": 6.469182095148817, "cache-hits": 686880, "cache-misses": 148692, "l1d-hits": 6944033, "l1d-misses": 1407796, "ll-read-hits": 743531, "ll-read-misses": 23579, "ll-write-hits": 743531, "ll-write-misses": 23579}, {"method": "CRA", "scans": 64.25060542145145, "cache-hits": 6193116, "cache-misses": 2916995, "l1d-hits": 144278932, "l1d-misses": 19071730, "ll-read-hits": 7319636, "ll-read-misses": 1424634, "ll-write-hits": 7319636, "ll-write-misses": 1424634}]}