{"instance": "seq-22", "num-variables": 12800, "num-constraints": 76800, "num-var-disjunct": 10240, "max-disjunct": 10, "sum-disjunct": 102400, "values": [{"method": "RULT", "scans": 19.655808139989063, "cache-hits": 839328, "cache-misses": 571741, "l1d-hits": 24977271, "l1d-misses": 3195164, "ll-read-hits": 755374, "ll-read-misses": 546125, "ll-write-hits": 755374, "ll-write-misses": 546125}, {"method": "ILP", "scans": 0.0, "cache-hits": 32083831, "cache-misses": 11850817, "l1d-hits": 873392842, "l1d-misses": 83586637, "ll-read-hits": 31362519, "ll-read-misses": 8704815, "ll-write-hits": 31362519, "ll-write-misses": 8704815}, {"method": "BFDC", "scans": 6.740723380985861, "cache-hits": 657470, "cache-misses": 218419, "l1d-hits": 7245699, "l1d-misses": 1455915, "ll-read-hits": 711811, "ll-read-misses": 90918, "ll-write-hits": 711811, "ll-write-misses": 90918}, {"method": "CRA", "scans": 72.39590656979924, "cache-hits": 7932631, "cache-misses": 2682889, "l1d-hits": 163734581, "l1d-misses": 21596007, "ll-read-hits": 8037983, "ll-read-misses": 2212351, "ll-write-hits": 8037983, "ll-write-misses": 2212351}]}