{"instance": "seq-19", "num-variables": 6400, "num-constraints": 38400, "num-var-disjunct": 5120, "max-disjunct": 10, "sum-disjunct": 51200, "values": [{"method": "RULT", "scans": 16.83580690517107, "cache-hits": 357936, "cache-misses": 163386, "l1d-hits": 10307064, "l1d-misses": 1215813, "ll-read-hits": 272792, "ll-read-misses": 221235, "ll-write-hits": 272792, "ll-write-misses": 221235}, {"method": "ILP", "scans": 0.0, "cache-hits": 15483779, "cache-misses": 1901404, "l1d-hits": 431081700, "l1d-misses": 38785911, "ll-read-hits": 13856218, "ll-read-misses": 2016957, "ll-write-hits": 13856218, "ll-write-misses": 2016957}, {"method": "BFDC", "scans": 6.284174347758163, "cache-hits": 311087, "cache-misses": 7606, "l1d-hits": 3444007, "l1d-misses": 587066, "ll-read-hits": 292646, "ll-read-misses": 1337, "ll-write-hits": 292646, "ll-write-misses": 1337}, {"method": "CRA", "scans": 31.003124511795033, "cache-hits": 1515329, "cache-misses": 107009, "l1d-hits": 31997731, "l1d-misses": 3825555, "ll-read-hits": 1404261, "ll-read-misses": 142740, "ll-write-hits": 1404261, "ll-write-misses": 142740}]}