{"instance": "seq-27", "num-variables": 25600, "num-constraints": 153600, "num-var-disjunct": 20480, "max-disjunct": 10, "sum-disjunct": 204800, "values": [{"method": "RULT", "scans": 17.64099058630522, "cache-hits": 2218643, "cache-misses": 955548, "l1d-hits": 43829467, "l1d-misses": 6869807, "ll-read-hits": 1886380, "ll-read-misses": 1014722, "ll-write-hits": 1886380, "ll-write-misses": 1014722}, {"method": "ILP", "scans": 0.0, "cache-hits": 70962809, "cache-misses": 26280637, "l1d-hits": 1728994030, "l1d-misses": 166129288, "ll-read-hits": 74151431, "ll-read-misses": 14765273, "ll-write-hits": 74151431, "ll-write-misses": 14765273}, {"method": "BFDC", "scans": 6.840162493652592, "cache-hits": 2184291, "cache-misses": 28074, "l1d-hits": 14439464, "l1d-misses": 3359255, "ll-read-hits": 2052817, "ll-read-misses": 416, "ll-write-hits": 2052817, "ll-write-misses": 416}, {"method": "CRA", "scans": 86.66157571969845, "cache-hits": 35152890, "cache-misses": 259667, "l1d-hits": 397131699, "l1d-misses": 57281991, "ll-read-hits": 34438869, "ll-read-misses": 35499, "ll-write-hits": 34438869, "ll-write-misses": 35499}]}