{"instance": "seq-26", "num-variables": 25600, "num-constraints": 153600, "num-var-disjunct": 20480, "max-disjunct": 10, "sum-disjunct": 204800, "values": [{"method": "RULT", "scans": 18.76250927698137, "cache-hits": 2186926, "cache-misses": 1186829, "l1d-hits": 48349108, "l1d-misses": 6752684, "ll-read-hits": 1932573, "ll-read-misses": 1136760, "ll-write-hits": 1932573, "ll-write-misses": 1136760}, {"method": "ILP", "scans": 0.0, "cache-hits": 70472936, "cache-misses": 29643442, "l1d-hits": 1778090353, "l1d-misses": 174325552, "ll-read-hits": 69524796, "ll-read-misses": 22789745, "ll-write-hits": 69524796, "ll-write-misses": 22789745}, {"method": "BFDC", "scans": 6.744541228858248, "cache-hits": 2365198, "cache-misses": 110738, "l1d-hits": 14176297, "l1d-misses": 3299454, "ll-read-hits": 2300427, "ll-read-misses": 15557, "ll-write-hits": 2300427, "ll-write-misses": 15557}, {"method": "CRA", "scans": 141.70321471817508, "cache-hits": 56892486, "cache-misses": 1697159, "l1d-hits": 664992161, "l1d-misses": 94655290, "ll-read-hits": 56252974, "ll-read-misses": 893329, "ll-write-hits": 56252974, "ll-write-misses": 893329}]}