{"instance": "seq-20", "num-variables": 6400, "num-constraints": 38400, "num-var-disjunct": 5120, "max-disjunct": 10, "sum-disjunct": 51200, "values": [{"method": "RULT", "scans": 18.95438212779253, "cache-hits": 400900, "cache-misses": 202129, "l1d-hits": 12150991, "l1d-misses": 1409153, "ll-read-hits": 433556, "ll-read-misses": 126609, "ll-write-hits": 433556, "ll-write-misses": 126609}, {"method": "ILP", "scans": 0.0, "cache-hits": 15434138, "cache-misses": 3332649, "l1d-hits": 441309892, "l1d-misses": 40987747, "ll-read-hits": 13943340, "ll-read-misses": 3433566, "ll-write-hits": 13943340, "ll-write-misses": 3433566}, {"method": "BFDC", "scans": 7.314794563349476, "cache-hits": 386933, "cache-misses": 10796, "l1d-hits": 3989490, "l1d-misses": 715013, "ll-read-hits": 355865, "ll-read-misses": 10423, "ll-write-hits": 355865, "ll-write-misses": 10423}, {"method": "CRA", "scans": 51.45180440556163, "cache-hits": 1901129, "cache-misses": 786091, "l1d-hits": 56360028, "l1d-misses": 6530831, "ll-read-hits": 2448363, "ll-read-misses": 114499, "ll-write-hits": 2448363, "ll-write-misses": 114499}]}