{"instance": "seq-18", "num-variables": 3200, "num-constraints": 19200, "num-var-disjunct": 2560, "max-disjunct": 10, "sum-disjunct": 25600, "values": [{"method": "RULT", "scans": 16.50952827241487, "cache-hits": 161756, "cache-misses": 29334, "l1d-hits": 5029391, "l1d-misses": 500708, "ll-read-hits": 170701, "ll-read-misses": 11280, "ll-write-hits": 170701, "ll-write-misses": 11280}, {"method": "ILP", "scans": 0.0, "cache-hits": 5973631, "cache-misses": 867138, "l1d-hits": 213650484, "l1d-misses": 17917013, "ll-read-hits": 5701081, "ll-read-misses": 447401, "ll-write-hits": 5701081, "ll-write-misses": 447401}, {"method": "BFDC", "scans": 6.120274914089347, "cache-hits": 124578, "cache-misses": 242, "l1d-hits": 1705249, "l1d-misses": 243304, "ll-read-hits": 116773, "ll-read-misses": 14, "ll-write-hits": 116773, "ll-write-misses": 14}, {"method": "CRA", "scans": 27.075601374570446, "cache-hits": 547691, "cache-misses": 22250, "l1d-hits": 13830887, "l1d-misses": 1264036, "ll-read-hits": 537150, "ll-read-misses": 3855, "ll-write-hits": 537150, "ll-write-misses": 3855}]}