{"instance": "seq-24", "num-variables": 12800, "num-constraints": 76800, "num-var-disjunct": 10240, "max-disjunct": 10, "sum-disjunct": 102400, "values": [{"method": "RULT", "scans": 17.639950003905945, "cache-hits": 832887, "cache-misses": 440953, "l1d-hits": 21784255, "l1d-misses": 3035270, "ll-read-hits": 702839, "ll-read-misses": 468127, "ll-write-hits": 702839, "ll-write-misses": 468127}, {"method": "ILP", "scans": 0.0, "cache-hits": 31929058, "cache-misses": 11644851, "l1d-hits": 881837873, "l1d-misses": 85535610, "ll-read-hits": 30941759, "ll-read-misses": 9271648, "ll-write-hits": 30941759, "ll-write-misses": 9271648}, {"method": "BFDC", "scans": 6.519803140379658, "cache-hits": 730418, "cache-misses": 130638, "l1d-hits": 7012977, "l1d-misses": 1396854, "ll-read-hits": 789213, "ll-read-misses": 2176, "ll-write-hits": 789213, "ll-write-misses": 2176}, {"method": "CRA", "scans": 47.39629716428404, "cache-hits": 5884163, "cache-misses": 782764, "l1d-hits": 103265755, "l1d-misses": 13873477, "ll-read-hits": 6267949, "ll-read-misses": 144001, "ll-write-hits": 6267949, "ll-write-misses": 144001}]}