{"instance": "seq-17", "num-variables": 3200, "num-constraints": 19200, "num-var-disjunct": 2560, "max-disjunct": 10, "sum-disjunct": 25600, "values": [{"method": "RULT", "scans": 17.410809122149328, "cache-hits": 166916, "cache-misses": 37741, "l1d-hits": 5357832, "l1d-misses": 544858, "ll-read-hits": 173836, "ll-read-misses": 21400, "ll-write-hits": 173836, "ll-write-misses": 21400}, {"method": "ILP", "scans": 0.0, "cache-hits": 6305638, "cache-misses": 586673, "l1d-hits": 218215480, "l1d-misses": 18561360, "ll-read-hits": 5482095, "ll-read-misses": 768952, "ll-write-hits": 5482095, "ll-write-misses": 768952}, {"method": "BFDC", "scans": 6.263667603873789, "cache-hits": 129378, "cache-misses": 209, "l1d-hits": 1727409, "l1d-misses": 267343, "ll-read-hits": 120941, "ll-read-misses": 17, "ll-write-hits": 120941, "ll-write-misses": 17}, {"method": "CRA", "scans": 26.861918150577946, "cache-hits": 537406, "cache-misses": 28610, "l1d-hits": 13796015, "l1d-misses": 1257948, "ll-read-hits": 532859, "ll-read-misses": 4779, "ll-write-hits": 532859, "ll-write-misses": 4779}]}