{"instance": "seq-16", "num-variables": 3200, "num-constraints": 19200, "num-var-disjunct": 2560, "max-disjunct": 10, "sum-disjunct": 25600, "values": [{"method": "RULT", "scans": 17.454545454545453, "cache-hits": 151316, "cache-misses": 38438, "l1d-hits": 5279141, "l1d-misses": 524934, "ll-read-hits": 158354, "ll-read-misses": 23702, "ll-write-hits": 158354, "ll-write-misses": 23702}, {"method": "ILP", "scans": 0.0, "cache-hits": 6465929, "cache-misses": 603242, "l1d-hits": 217038208, "l1d-misses": 18556120, "ll-read-hits": 5567755, "ll-read-misses": 817332, "ll-write-hits": 5567755, "ll-write-misses": 817332}, {"method": "BFDC", "scans": 7.417057169634489, "cache-hits": 151263, "cache-misses": 318, "l1d-hits": 2085749, "l1d-misses": 290511, "ll-read-hits": 142547, "ll-read-misses": 30, "ll-write-hits": 142547, "ll-write-misses": 30}, {"method": "CRA", "scans": 12.527647610121837, "cache-hits": 228083, "cache-misses": 19909, "l1d-hits": 4737437, "l1d-misses": 511991, "ll-read-hits": 231559, "ll-read-misses": 3462, "ll-write-hits": 231559, "ll-write-misses": 3462}]}